Hello World!,cxuKZLlQJnviGCUT,971369fa39a0152f91854d9ee2e3e540,32,AES
Hello World!,cxuKZLlQJnviGCUT,cac2feb83ed9aadf864cabea8ea64d1c,32,DES
Hello World!,cxuKZLlQJnviGCUT,f8d0415b5fbf098cd931d4ad,24,ARC4
Hello World!,jSGMLnaJXRGjkLPd,00d5cc16c813d966746e1133eed447fc,32,AES
Hello World!,jSGMLnaJXRGjkLPd,6f41450826ee7361afb79c6da73fe38f,32,DES
Hello World!,jSGMLnaJXRGjkLPd,1b05f51bb9d52a336052f93a,24,ARC4
Hello World!,DXvAXHFcfrdTDHKv,dc3d0bdd676e2c29e462a51776a35f5d,32,AES
Hello World!,DXvAXHFcfrdTDHKv,8b54462c0acae6608fe96b55e36869a1,32,DES
Hello World!,DXvAXHFcfrdTDHKv,2a8bfb5070d7c11b1c5a6846,24,ARC4
Hello World!,VnBkpuSiSAhFArDh,d9704125026e7f9c1f733f5083e5ae24,32,AES
Hello World!,VnBkpuSiSAhFArDh,e7285458121637123db7f369fc620ae3,32,DES
Hello World!,VnBkpuSiSAhFArDh,c9cc032e6474d0fff8ee6908,24,ARC4
Hello World!,rWRsunSuzZpyxpUH,07fe08caa556570ae3852636745a4a54,32,AES
Hello World!,rWRsunSuzZpyxpUH,7b7b6ff00d248b655d113c802942da57,32,DES
Hello World!,rWRsunSuzZpyxpUH,6f9c97dd8689b6f61af21a9e,24,ARC4
Hello World!,pnzyNpxxcJVkIERD,0e2eb0607573f2fcf530c00984283e6b,32,AES
Hello World!,pnzyNpxxcJVkIERD,2c960f36e7bd3f44ff675a6b4a2b7fbd,32,DES
Hello World!,pnzyNpxxcJVkIERD,ca06b128785e66e03318fbea,24,ARC4
Hello World!,UJsRwUXZONIKezKT,5b1efd16e4298a6ea00ad7a4e3a2f64c,32,AES
Hello World!,UJsRwUXZONIKezKT,e4e0d4ebb2e2a261ffca5bb0c71d4a1f,32,DES
Hello World!,UJsRwUXZONIKezKT,04268d18e1a89533b6c84a15,24,ARC4
Hello World!,qQNDbGkdpYxNsrDF,3efcf164cdd8edc5a0a40fa190487585,32,AES
Hello World!,qQNDbGkdpYxNsrDF,d4a58aadd59f93ec1118f5b47484722f,32,DES
Hello World!,qQNDbGkdpYxNsrDF,898d03d5481e264980edabbc,24,ARC4
Hello World!,CGHZisHVPdSudtZT,9ef38850ecf16362ab237205957cc122,32,AES
Hello World!,CGHZisHVPdSudtZT,604e9f6d5602f6ec0dfca44a758b1198,32,DES
Hello World!,CGHZisHVPdSudtZT,68e09671a6c6a9425fe4f968,24,ARC4
Hello World!,RtiYGujTfeginyKY,b247fb076326fc178b58406555824888,32,AES
Hello World!,RtiYGujTfeginyKY,5e684f9016789f9a2af3767fa711247d,32,DES
Hello World!,RtiYGujTfeginyKY,b1e1fb55c4bb3aad14ac57e0,24,ARC4
Hello World!,SRFjjORvJnrVpfJj,b94e846b84b80777a2f7af09969b2b8f,32,AES
Hello World!,SRFjjORvJnrVpfJj,1a2bdcf39f7db7f41eed508b20321e84,32,DES
Hello World!,SRFjjORvJnrVpfJj,5a05a42e7993c67e971d9782,24,ARC4
Hello World!,nvnjCDApZmsVAxHa,d83fcf28e5017187700d166fce795564,32,AES
Hello World!,nvnjCDApZmsVAxHa,a752f38c8b8356df934d109628101801,32,DES
Hello World!,nvnjCDApZmsVAxHa,47bfa3e33a8e84bac2240a49,24,ARC4
Hello World!,iGCbOmOWkuMrEWZS,01db192e770ed5fc002b34f5be008b71,32,AES
Hello World!,iGCbOmOWkuMrEWZS,d0c06bc641018fdd25f955bdb4603a06,32,DES
Hello World!,iGCbOmOWkuMrEWZS,0d90aad197cc5fda3b1a75c8,24,ARC4
Hello World!,LAqIjfnelyBCnvMB,b8985d5e1af9a849104e295e8bf51bf2,32,AES
Hello World!,LAqIjfnelyBCnvMB,86ab8fedcc2bb7246ad38d459e213fa0,32,DES
Hello World!,LAqIjfnelyBCnvMB,dbc10cade62fa3954e73803f,24,ARC4
Hello World!,oHThiZjnxPoGgwav,0cc2389c07894cf760aece7ba33dd960,32,AES
Hello World!,oHThiZjnxPoGgwav,2fcf6f4e598e101d03b35c98cb9645bb,32,DES
Hello World!,oHThiZjnxPoGgwav,d93a4beede348252b15785a0,24,ARC4
Hello World!,QwgVltRdWqbApYdh,2f5b305b95256e3715205746bf8954e5,32,AES
Hello World!,QwgVltRdWqbApYdh,7674b9fcbdbc7bf922508b0bbec20b0c,32,DES
Hello World!,QwgVltRdWqbApYdh,08be22dfabb649e0cb491165,24,ARC4
Hello World!,JIaqQKfDWeInwTnQ,62aacafb81b0da915a5cd527eebb5ac5,32,AES
Hello World!,JIaqQKfDWeInwTnQ,dea4300d65824bccc21f456b9edfe3c7,32,DES
Hello World!,JIaqQKfDWeInwTnQ,b3f4e0129af557aa5c96eeb4,24,ARC4
Hello World!,QVBpodsxOBRzMGkZ,af428a924b8afb04716c9465fa5b62b2,32,AES
Hello World!,QVBpodsxOBRzMGkZ,fb4f48cceec752ac6980e9f4993b567a,32,DES
Hello World!,QVBpodsxOBRzMGkZ,82f258bf171864494d1e360a,24,ARC4
Hello World!,htZDZgmUCpSewkaa,010ca166e97dfd19a2b20b9be2ca9a40,32,AES
Hello World!,htZDZgmUCpSewkaa,3eb40fcc1b93351ee05f06123c39ce30,32,DES
Hello World!,htZDZgmUCpSewkaa,53654bc089cf3afd617515a4,24,ARC4
Hello World!,kvQcnHamtkEPrFcx,16f4a5b5a02db2d09a992b6d232a6b0f,32,AES
Hello World!,kvQcnHamtkEPrFcx,c343ecea61a2db82fb28e66733caaf00,32,DES
Hello World!,kvQcnHamtkEPrFcx,bf39d10445f132e8d696b1c4,24,ARC4
Hello World!,fHvVsZWLKJlubqmJ,c78d328b64ed627451fa68f23d9ef555,32,AES
Hello World!,fHvVsZWLKJlubqmJ,d79293d3b0ab0ee1e198a6df5ea37e8d,32,DES
Hello World!,fHvVsZWLKJlubqmJ,eb453090f5d057e8665e65c2,24,ARC4
Hello World!,KTNrIWyxmjKTeYrp,c654b5a2d09e84932cd6d34b5a78cbc6,32,AES
Hello World!,KTNrIWyxmjKTeYrp,f4290ef1b8854277d6fb82f188b78dcc,32,DES
Hello World!,KTNrIWyxmjKTeYrp,df7a5a9a302acd993bb4407f,24,ARC4
Hello World!,OIDBqYeFsfmvjizV,7208c730dc328c45d284f6fa8ea93b0b,32,AES
Hello World!,OIDBqYeFsfmvjizV,21b1038808c8eae7a2ad65478be346ca,32,DES
Hello World!,OIDBqYeFsfmvjizV,76da64f5d2094df7b31ff74c,24,ARC4
Hello World!,KIXxmPWKsXFCikRb,4160d619f6d4ea54b3b169e462c7d421,32,AES
Hello World!,KIXxmPWKsXFCikRb,9df93c34685e97f7ba9218db4a90c061,32,DES
Hello World!,KIXxmPWKsXFCikRb,403276fd65a97058edbedc7d,24,ARC4
Hello World!,ooZkDCPAldxBhYqz,05de8afdbbfcf1d90ed9e8080fdc4f09,32,AES
Hello World!,ooZkDCPAldxBhYqz,25aa5e8d8f6fe39c5062054c640f15ad,32,DES
Hello World!,ooZkDCPAldxBhYqz,32926d2dd743d8ce5d652238,24,ARC4
Hello World!,BWMHwjtoDySFhFZx,da8a04a6cbc1af64c00bd8c0baff506d,32,AES
Hello World!,BWMHwjtoDySFhFZx,d349a836273d1f2231c5a524f054e75a,32,DES
Hello World!,BWMHwjtoDySFhFZx,488e955580043ade52c50181,24,ARC4
Hello World!,RYRXJHFWNqlBnrlA,1a1d4c1e46657dc65767419d03595a43,32,AES
Hello World!,RYRXJHFWNqlBnrlA,48c4d57a41d1c7b532c40aaf0a7f8a7d,32,DES
Hello World!,RYRXJHFWNqlBnrlA,4d11a7edf2de27eea2f59c77,24,ARC4
Hello World!,uSCGZMQhHtpRRbZm,d6d9f8bfe927ec107a21eea25f814b42,32,AES
Hello World!,uSCGZMQhHtpRRbZm,67e7125173434e406c1d0731e463ffc3,32,DES
Hello World!,uSCGZMQhHtpRRbZm,321ff0bddcebcc6ce73576c6,24,ARC4
Hello World!,yNLmaslgJaGDtXhj,80de18a19acb9a57d58167a4b1b39491,32,AES
Hello World!,yNLmaslgJaGDtXhj,c7364ff033d6a83690a9fdd9811b71ee,32,DES
Hello World!,yNLmaslgJaGDtXhj,76dc1932791b9dfdb7d774fd,24,ARC4
Hello World!,WTnChlVpksGNyiVq,63de89effa75de77af55951264b92708,32,AES
Hello World!,WTnChlVpksGNyiVq,91898bff2c97a5b0db652ef20a22b4b8,32,DES
Hello World!,WTnChlVpksGNyiVq,f254f0f5bc4bc2e37d0eca61,24,ARC4
Hello World!,yAMKYWQwVpxvmJxJ,a118f8c1be0dd4d292fe55a239989732,32,AES
Hello World!,yAMKYWQwVpxvmJxJ,245aa02b541412740e28fe9f6079c3b0,32,DES
Hello World!,yAMKYWQwVpxvmJxJ,999783130b8579d479ce31e5,24,ARC4
Hello World!,jTupPsTcqhWecICH,bf72c4ded0939a01c99713437aab67fe,32,AES
Hello World!,jTupPsTcqhWecICH,9f1364d2ef37c2195930d299bcf57e0d,32,DES
Hello World!,jTupPsTcqhWecICH,78546abebb5c3c5aed5890e4,24,ARC4
Hello World!,trjwHCNtRtkwvEZA,c4d25ae72fae5e101cd64eb6a8f90c88,32,AES
Hello World!,trjwHCNtRtkwvEZA,af1136bda0efb78e418a2ad2b099ea44,32,DES
Hello World!,trjwHCNtRtkwvEZA,33cd1f904e77b58a6ba4b74f,24,ARC4
Hello World!,jIoLteNOOinadTfM,de7de432c9a6dd89b50816916ecc1e12,32,AES
Hello World!,jIoLteNOOinadTfM,eb607b6544bbc5d48d027715dc9e766c,32,DES
Hello World!,jIoLteNOOinadTfM,1521eefa2b69cb7734e9f71c,24,ARC4
Hello World!,GNCzYAYhmpsKuqfd,8b2f40bfaae23a0bacac6aa38c6918f5,32,AES
Hello World!,GNCzYAYhmpsKuqfd,e66cc7cc12d04382393c032a525942e1,32,DES
Hello World!,GNCzYAYhmpsKuqfd,6071ecd65de69d0d2a92224a,24,ARC4
Hello World!,HtnUJqjFjQPflfbn,840f24f7101607454388fe58e6fd9651,32,AES
Hello World!,HtnUJqjFjQPflfbn,92c080d2ab332d4024f6137c4aa82826,32,DES
Hello World!,HtnUJqjFjQPflfbn,d996ca3b8dc7d88820cfcf78,24,ARC4
Hello World!,LMnFhNKgBcNjuwwM,8797af6385e77ca6a0c9c0f7db8989f9,32,AES
Hello World!,LMnFhNKgBcNjuwwM,145aa066be11f974decc3038347d5882,32,DES
Hello World!,LMnFhNKgBcNjuwwM,26690c3b35df83f4093ec5ee,24,ARC4
Hello World!,soqJPIziRhBJpSNd,fe7d4643d2b9e81d37bd75c5facd3174,32,AES
Hello World!,soqJPIziRhBJpSNd,f8f5f7b3ae5de499bd9aa772507f9b3c,32,DES
Hello World!,soqJPIziRhBJpSNd,5f9ba5da56feda30f6f718fe,24,ARC4
Hello World!,sTrilkEttSphpYkr,b511653a44457872ce2966955cf3473e,32,AES
Hello World!,sTrilkEttSphpYkr,6c4c744dee80e64443af49c3fe3067a7,32,DES
Hello World!,sTrilkEttSphpYkr,dc3de2462087ded691347bdf,24,ARC4
Hello World!,TPuTbRkfTaiWgIRG,10b0f378896e82ca070025cd4c94b6be,32,AES
Hello World!,TPuTbRkfTaiWgIRG,2c5d4bac527dac031b79ecf3a2c4177f,32,DES
Hello World!,TPuTbRkfTaiWgIRG,c17902e9752d7f38e5078e0f,24,ARC4
Hello World!,rCqhfAzPXJvhVxvI,467f7366150ccf974c46eed93a702fa8,32,AES
Hello World!,rCqhfAzPXJvhVxvI,0ecfb444f39c519b5a649de9b5f498b3,32,DES
Hello World!,rCqhfAzPXJvhVxvI,4d4b9c32844debcf517389a8,24,ARC4
Hello World!,yiBhvmLHISdUJZMU,ab709d9fe532d9256d9ca01b8210b4c5,32,AES
Hello World!,yiBhvmLHISdUJZMU,e0fb0a0f7e48cf71f9f60e05824ac942,32,DES
Hello World!,yiBhvmLHISdUJZMU,40f1c58cec991f8fe11d65a9,24,ARC4
Hello World!,fqpCibIcQkvpDsBc,62ab945b534d3ba3bd0f48741576e544,32,AES
Hello World!,fqpCibIcQkvpDsBc,c32b6626ffc950b99d9877aafa225d95,32,DES
Hello World!,fqpCibIcQkvpDsBc,68f169dca591c4097e88885a,24,ARC4
Hello World!,YPFncuHCJwXkJBTx,769c0dc3610ac0178f1f7fb1a7361823,32,AES
Hello World!,YPFncuHCJwXkJBTx,b9970227342d1dfd7d95dff34081346c,32,DES
Hello World!,YPFncuHCJwXkJBTx,f2effd9dc3f76c073bc034e4,24,ARC4
Hello World!,bRvUuCjJzIThTdsh,66051fa2e41e1b874bced1108948d7e3,32,AES
Hello World!,bRvUuCjJzIThTdsh,0bef326b180e16bd257768030a324696,32,DES
Hello World!,bRvUuCjJzIThTdsh,df35308db7c52bba697cc2a2,24,ARC4
Hello World!,NKSyuvUXDhpNpyxk,534af535f71be11938f15fa476378250,32,AES
Hello World!,NKSyuvUXDhpNpyxk,6baaaecde0cc4c293d1349eada16fc02,32,DES
Hello World!,NKSyuvUXDhpNpyxk,ca150938ae0be9538b021a67,24,ARC4
Hello World!,HwMYSJtaELzDPyoo,1196c112b8ab436ed9a85c9eb6877205,32,AES
Hello World!,HwMYSJtaELzDPyoo,5a2858525158a50b9794bd47063f3b78,32,DES
Hello World!,HwMYSJtaELzDPyoo,8bbf63e06191d33b56f2ce46,24,ARC4
Hello World!,CnkpQsBHzfITQJNZ,ad91efacce30661c3994a7f9577fd76b,32,AES
Hello World!,CnkpQsBHzfITQJNZ,35b1e5499f4ff2aba29d8b8009e32c52,32,DES
Hello World!,CnkpQsBHzfITQJNZ,31094224cf0c6446889c475b,24,ARC4
Hello World!,FTYjwyLAhnGAPNEx,e3197b57dfa55e45f1927cee8b0f12ff,32,AES
Hello World!,FTYjwyLAhnGAPNEx,079d14a6633ba3082f0cb6536cd7bc08,32,DES
Hello World!,FTYjwyLAhnGAPNEx,95507261acfc8e536ef5b050,24,ARC4
Hello World!,CjlCkeJoFACgsAAw,9385e0c5770720b6113370749c78d3a2,32,AES
Hello World!,CjlCkeJoFACgsAAw,6bd32ffb28290f7546aaee77d660fc97,32,DES
Hello World!,CjlCkeJoFACgsAAw,be6b8c2686b61d5e72a9a51f,24,ARC4
Hello World!,uDKOQFjQUyNZTpIE,e6bb29b9dbabcd76eb3ed36cd3b36a72,32,AES
Hello World!,uDKOQFjQUyNZTpIE,71fdc15b4648ea25282119a52b5dd274,32,DES
Hello World!,uDKOQFjQUyNZTpIE,1357bb0172f2aced55f25bf0,24,ARC4
Hello World!,cjNRmmDqzUcpZSZH,c0463dc654d4edf480d7d8e272598d63,32,AES
Hello World!,cjNRmmDqzUcpZSZH,1fcbcc9c414bd097edb766c7a8c0200f,32,DES
Hello World!,cjNRmmDqzUcpZSZH,020532d88eddafb2380eff16,24,ARC4
Hello World!,ApvhCTZTGXOTBURg,f4a715600e3041efb493bf569dd53b68,32,AES
Hello World!,ApvhCTZTGXOTBURg,626aeddb115f59412dd128bbba57d780,32,DES
Hello World!,ApvhCTZTGXOTBURg,55474eec8f80f09da603546c,24,ARC4
Hello World!,xiZJObiHAVdQMlvC,07da05ef10b397b7c58597bdf0155b15,32,AES
Hello World!,xiZJObiHAVdQMlvC,9f691bedd193f408ae7c6e17f4ed9662,32,DES
Hello World!,xiZJObiHAVdQMlvC,21eca9b696c141c444350d22,24,ARC4
Hello World!,GhiypEfkRJAnTDgu,9bc6392f948d144284610c4521cdbbea,32,AES
Hello World!,GhiypEfkRJAnTDgu,8fb378af30b90845a181a428d32e5a3a,32,DES
Hello World!,GhiypEfkRJAnTDgu,564b238bae64dfc56707c567,24,ARC4
Hello World!,xYArElacCbdjdMlD,b189da71b224e4f96ed3be996a8f1952,32,AES
Hello World!,xYArElacCbdjdMlD,f3304ea8858109a2c6051a1b811b3bd6,32,DES
Hello World!,xYArElacCbdjdMlD,2aeb3b012bf95b5770ecb4e8,24,ARC4
Hello World!,oYXSzCevPBbIpaCs,f6aaef5d485339bdb4e2ecd025f4f468,32,AES
Hello World!,oYXSzCevPBbIpaCs,efe38c5c9f6701c17d17f81cdb308412,32,DES
Hello World!,oYXSzCevPBbIpaCs,43ae1fe19bfabd82bdc86d49,24,ARC4
Hello World!,dfkLkcZWtyCGgtwB,62cdafae19648a69cb2336f5733da27a,32,AES
Hello World!,dfkLkcZWtyCGgtwB,292018d48856929cd663928ef9a840b5,32,DES
Hello World!,dfkLkcZWtyCGgtwB,8d14fd9d6ecd6ffe1cff0237,24,ARC4
Hello World!,yiqiFTAIGqinDEdV,ee54f29e4270fd680c4cbcc9290f9c4c,32,AES
Hello World!,yiqiFTAIGqinDEdV,b99e4f2f1b58e1ba6447fe32a2b2c20c,32,DES
Hello World!,yiqiFTAIGqinDEdV,2451c44ea86ccfb74bdc6628,24,ARC4
Hello World!,UkeWHrsbwxemjmcE,3dd0d5dd5fcd9133957295baa5aa0d55,32,AES
Hello World!,UkeWHrsbwxemjmcE,cf79e39e85b235c178a567912bd13d47,32,DES
Hello World!,UkeWHrsbwxemjmcE,53aac971c5dc2af2f79e818c,24,ARC4
Hello World!,hsKOveSKsSXDhztf,cf0fe7cf22fe1e73e6056fe76a7b953d,32,AES
Hello World!,hsKOveSKsSXDhztf,40706a30e4c9b7bd4f5507eefcab42f7,32,DES
Hello World!,hsKOveSKsSXDhztf,f3975e15de421022be2d2ef6,24,ARC4
Hello World!,zjmETQZAviPzWLWz,c24bf23c40f2ead4a65f43fadc1af4f3,32,AES
Hello World!,zjmETQZAviPzWLWz,29bb8729898cdda47fe5a071d6525ec1,32,DES
Hello World!,zjmETQZAviPzWLWz,bfd1a7b4f1a45ac9bd8abfae,24,ARC4
Hello World!,GOggtwcbZuWVAmej,6aa09dba28c7b309fcd319a76efc8c8d,32,AES
Hello World!,GOggtwcbZuWVAmej,eb269d9d750c0b4c33ef93dcd60ea148,32,DES
Hello World!,GOggtwcbZuWVAmej,3355408b3e278651edafbf00,24,ARC4
Hello World!,jwnPwpalhhdbpkZz,ea1b32d5f0b56514d9e5d7a6ff34b4a0,32,AES
Hello World!,jwnPwpalhhdbpkZz,31a8ce51e4ed9ccf7f51d57bee50a2ac,32,DES
Hello World!,jwnPwpalhhdbpkZz,c0ae635b45b647f6e93d21d1,24,ARC4
Hello World!,ErsTDuVyNlhGSknQ,8790a113c7ac2af973d82fb590af128f,32,AES
Hello World!,ErsTDuVyNlhGSknQ,30a394569b9860be1dc83b4520cf2588,32,DES
Hello World!,ErsTDuVyNlhGSknQ,4c9516e20563b5bbed313372,24,ARC4
Hello World!,oZroLGXwWyopOUew,75250a9dbb4187377f4dff9abd152119,32,AES
Hello World!,oZroLGXwWyopOUew,63f816db10f3f5167079632d9273e990,32,DES
Hello World!,oZroLGXwWyopOUew,ab53f06ffdfe39938928de61,24,ARC4
Hello World!,VeLsQfAFRPxUicDr,4da9209dd1da32d6056020b7c690a3e0,32,AES
Hello World!,VeLsQfAFRPxUicDr,9b579c5d8750eecc0511a5e9b45826aa,32,DES
Hello World!,VeLsQfAFRPxUicDr,e969d9d78c58c1adaff4a753,24,ARC4
Hello World!,CGAjoYcWkNSMQOfl,399babc3c8cadda1132c978ba6f31c11,32,AES
Hello World!,CGAjoYcWkNSMQOfl,beeae4e3ce7578c4369b75e60030c746,32,DES
Hello World!,CGAjoYcWkNSMQOfl,ba582e24fd111582f978a549,24,ARC4
Hello World!,jlkNKiVHSKAFrQWC,f48cf9b06aba1058e448e27cb65ffa5e,32,AES
Hello World!,jlkNKiVHSKAFrQWC,23c33e3bb49503f95ad9dc321fd2fc21,32,DES
Hello World!,jlkNKiVHSKAFrQWC,4c1faba099c607303f176fe3,24,ARC4
Hello World!,VybFdqNYisjvIrde,78fa4b1e50dc64f5ecefbf1de1f06d78,32,AES
Hello World!,VybFdqNYisjvIrde,b5ee5dbba7a29cfcda13904675ef656b,32,DES
Hello World!,VybFdqNYisjvIrde,87ca86a2d4f5c17eabfd4efb,24,ARC4
Hello World!,fyrJXHXqimvZxNgU,143031ad77ed33b6620c744b70fb2b92,32,AES
Hello World!,fyrJXHXqimvZxNgU,a1dcbb80b90deb3ccf7a5e8d32bb6e51,32,DES
Hello World!,fyrJXHXqimvZxNgU,92aa4c9940170cec3803eb5b,24,ARC4
Hello World!,MixexcBDappBHFov,fb8485304f39e73ae60b8beeba229b11,32,AES
Hello World!,MixexcBDappBHFov,d4b273a1943b4a35b513a441bd3df835,32,DES
Hello World!,MixexcBDappBHFov,3ed7f59563350b08bac99617,24,ARC4
Hello World!,AyHSszbNICwgRayR,39d8eaa2b21b8bc4a2e1be03c3b4d45e,32,AES
Hello World!,AyHSszbNICwgRayR,12c2dbffb7362cde60453b494a408d59,32,DES
Hello World!,AyHSszbNICwgRayR,c468626b4c8ca0e291c3041f,24,ARC4
Hello World!,YrMMJwnYGwdwTmLU,2d4e51952a7a1a57491160a66cf874c2,32,AES
Hello World!,YrMMJwnYGwdwTmLU,00e4c9e69fe93a549d52cdd4a78752ff,32,DES
Hello World!,YrMMJwnYGwdwTmLU,662b8c4dc65349120db65d88,24,ARC4
Hello World!,ilTYJwqcsOAunUvq,dc3809e8f79415fafe14a221e7eb99a6,32,AES
Hello World!,ilTYJwqcsOAunUvq,cf64a5069b80c6b0c71fc3d649fdd6ba,32,DES
Hello World!,ilTYJwqcsOAunUvq,2a132e6c0c35bbaa1f6afa1d,24,ARC4
Hello World!,hQqSFYDOfKfCzCHg,4a8b79b135c75f1bd591a4a0e10668a0,32,AES
Hello World!,hQqSFYDOfKfCzCHg,f6174053c02105bb9d71e8b15111a7f9,32,DES
Hello World!,hQqSFYDOfKfCzCHg,ca1828330b2d2e4c17c3d85d,24,ARC4
Hello World!,zbWYHaLhAdQcRsHe,b85cd029f1f0a07c1a0edfc4c869b206,32,AES
Hello World!,zbWYHaLhAdQcRsHe,e5a8f17bfe2984e232107546f796e8a5,32,DES
Hello World!,zbWYHaLhAdQcRsHe,0fd3b68930c734177aea2a23,24,ARC4
Hello World!,sKrdByPJIEUqYXpm,1cb1e62c9ecddd5c97f7b010f6583621,32,AES
Hello World!,sKrdByPJIEUqYXpm,f9151fa05bb12782b509bcb245a09974,32,DES
Hello World!,sKrdByPJIEUqYXpm,5c006154e53dc43d1069477c,24,ARC4
Hello World!,vzMriqSSgAiRNiPJ,736c14aa4cc09efdff28244717e274bd,32,AES
Hello World!,vzMriqSSgAiRNiPJ,858cf4f5b40bffc31348046d04e0424e,32,DES
Hello World!,vzMriqSSgAiRNiPJ,ac9859bd3c6456842beffc5e,24,ARC4
Hello World!,QZKrwZmaDXztGmgW,9435d4108109c1a0a2a6512ed144ce7b,32,AES
Hello World!,QZKrwZmaDXztGmgW,e19e3b27af9efbffaab736a7162741b0,32,DES
Hello World!,QZKrwZmaDXztGmgW,af9e190b6da52e914fc3e913,24,ARC4
Hello World!,sfxDpDlTwswCyubU,c3074f05d6922dda94fab831d27f3212,32,AES
Hello World!,sfxDpDlTwswCyubU,c3c4b38f3f215b4db577f2922c142188,32,DES
Hello World!,sfxDpDlTwswCyubU,36b89bc7d0a824b6b355a620,24,ARC4
Hello World!,XebkmCcPoALwKWLj,16942722dd69c2cf5048ab066b3762a6,32,AES
Hello World!,XebkmCcPoALwKWLj,8254f0ca3c571c0f08b60de158f85654,32,DES
Hello World!,XebkmCcPoALwKWLj,f470fa96786c68693ece8194,24,ARC4
Hello World!,eHIcNIErxiQJOidn,09fc57af3eb5a1040b2f366df9ca2668,32,AES
Hello World!,eHIcNIErxiQJOidn,68e39c0bccea61c5e3cffeaa52dfedb3,32,DES
Hello World!,eHIcNIErxiQJOidn,498cda4172f50127809631ff,24,ARC4
Hello World!,YIyCFWSxjMWCUfte,6676bc4f4f6086eb17978d956ca5e2c0,32,AES
Hello World!,YIyCFWSxjMWCUfte,4b954c5e0106ee57d0661944c409bd4b,32,DES
Hello World!,YIyCFWSxjMWCUfte,58a06995a0dce0094d59fc15,24,ARC4
Hello World!,xAOWLkLpjnZFKLLu,ee367bb2f801c96cf7cc9be3b46f83f9,32,AES
Hello World!,xAOWLkLpjnZFKLLu,258212ea8707e8c60b6a8f7fd88122a2,32,DES
Hello World!,xAOWLkLpjnZFKLLu,1fdeaf0ae193fb74c50932ed,24,ARC4
Hello World!,kbVHAegsdBHhcWrq,f7c8b4726fd73a0a24ae722ab4adaa5f,32,AES
Hello World!,kbVHAegsdBHhcWrq,0fab3007c3b507629e6b333e2e9e9f47,32,DES
Hello World!,kbVHAegsdBHhcWrq,542368b78e89c6dd837d1dd4,24,ARC4
Hello World!,cCDoRBXOlcvfpuEH,b55e45083b0a1a40080652cf34395611,32,AES
Hello World!,cCDoRBXOlcvfpuEH,f7ae58f885feb30e66a3c5b62d0bcfe4,32,DES
Hello World!,cCDoRBXOlcvfpuEH,3ffd20f4443d41be1cc93933,24,ARC4
Hello World!,vuGamPttvSHboKid,a8c0a81b194b2f76128890d52264ccf9,32,AES
Hello World!,vuGamPttvSHboKid,c59ec5d51c31bc8c2f1486df2fa44d81,32,DES
Hello World!,vuGamPttvSHboKid,cf8670162f687fb0df96d8da,24,ARC4
Hello World!,PsxGgFmojNbNvrnI,cdfaf4cdb8af0c79be848e0b32137223,32,AES
Hello World!,PsxGgFmojNbNvrnI,5a4f1fe3022dd9a2edc4a6d891e7310f,32,DES
Hello World!,PsxGgFmojNbNvrnI,156821094b65bcfca55713bd,24,ARC4
Hello World!,YehcstKMOlXjHOgD,b8cb8fda4b99af55673de598d09c0321,32,AES
Hello World!,YehcstKMOlXjHOgD,ff63e971bde3fdfa60de9b8e20ec9661,32,DES
Hello World!,YehcstKMOlXjHOgD,49f582df0abba04cd7ee51ed,24,ARC4
Hello World!,UAsAOQHFqwaptSoY,f714f9eec7ab79c1d7121c48b876c76e,32,AES
Hello World!,UAsAOQHFqwaptSoY,c36476bb0ecfee7ce10b0bcb11a7bc0c,32,DES
Hello World!,UAsAOQHFqwaptSoY,ed2f084d15e15412e8d8cda9,24,ARC4
Hello World!,ZCTmwdWUcACFtUfn,e5a566215a56e0e4212bb94baba2bb86,32,AES
Hello World!,ZCTmwdWUcACFtUfn,31217d2fc9d9eaa0c614b8d6e1d359dc,32,DES
Hello World!,ZCTmwdWUcACFtUfn,a90b928d16be6925868396b5,24,ARC4
Hello World!,TKXmDCHJhUdnjhIc,9aa5c1d91ff9b50301dfce67a31b09df,32,AES
Hello World!,TKXmDCHJhUdnjhIc,07fc23f738a193585ee3572d3ffb0f49,32,DES
Hello World!,TKXmDCHJhUdnjhIc,f60a545f743387ea783690c9,24,ARC4
Hello World!,dGoodDqujdspJVeq,6524c9248cd9d72ac423e87620903a6c,32,AES
Hello World!,dGoodDqujdspJVeq,769e886451dd27301cb68df2368b818e,32,DES
Hello World!,dGoodDqujdspJVeq,a2a61c13db704527073af834,24,ARC4
Hello World!,TDdfAhduKRRLrEIf,fc1d8be3d079cd8f1505c8d4a3e14fdc,32,AES
Hello World!,TDdfAhduKRRLrEIf,f70c353f506e2e5caae8e164852bc4d3,32,DES
Hello World!,TDdfAhduKRRLrEIf,a40cae8f1c8adb2a22365f81,24,ARC4
Hello World!,DlXFZEPrEaReToCN,978d67c1068e759923987e6578b562f9,32,AES
Hello World!,DlXFZEPrEaReToCN,86d4b91ba6c3b3a33b3764f47b083390,32,DES
Hello World!,DlXFZEPrEaReToCN,91a7b8ecb8f15ad2a2b7e203,24,ARC4
Hello World!,iPHHdqEzyxUNzgZE,18809e53a0a7b625b966475cd1529734,32,AES
Hello World!,iPHHdqEzyxUNzgZE,6b8c343df982499e457b49d0d6bd6fa7,32,DES
Hello World!,iPHHdqEzyxUNzgZE,c23ec179ef866456b7ca169b,24,ARC4
Hello World!,CJjlTjywSIYkWhOe,4ca17fcbc30ea3511a5252de586a2d5e,32,AES
Hello World!,CJjlTjywSIYkWhOe,c0a48178ebd8a03bbe125ac4f2245f81,32,DES
Hello World!,CJjlTjywSIYkWhOe,ce475866849fb159eb5b911f,24,ARC4
Hello World!,ONpWcmGmhFKPNcvO,7622672db939c3f89d7f390fb629571c,32,AES
Hello World!,ONpWcmGmhFKPNcvO,a6a465e08d4ae38420e77dc55bb9f04f,32,DES
Hello World!,ONpWcmGmhFKPNcvO,1da3077a88ac48bc846b5448,24,ARC4
Hello World!,DuHEdcuTOzYCKnuL,aac881e6493fd026709ab97fad0bab72,32,AES
Hello World!,DuHEdcuTOzYCKnuL,61e768d61a125eb5f4e6752587388914,32,DES
Hello World!,DuHEdcuTOzYCKnuL,c886338a91039c28e2c448fd,24,ARC4
Hello World!,WINnSKowPOdlhxaV,be356068ba633bf2cfe29dab32e5ce2f,32,AES
Hello World!,WINnSKowPOdlhxaV,8bb4cd88fd856e22c312c0b52ec984d2,32,DES
Hello World!,WINnSKowPOdlhxaV,67f1c2ccbb218916bb6b2ae3,24,ARC4
Hello World!,iSJyJySlFkZxCxhK,5f052f4748bc9c78b9aead2e5eba931c,32,AES
Hello World!,iSJyJySlFkZxCxhK,ee1662112ac694cce54fa8ffa274b12c,32,DES
Hello World!,iSJyJySlFkZxCxhK,47b81d435999ac8fde47047c,24,ARC4
Hello World!,dkfhAjifKzyOaGUU,71e6245a959684a52938b0578b47d5a6,32,AES
Hello World!,dkfhAjifKzyOaGUU,a236e46efbf1c2cb8f726d0c37f04eee,32,DES
Hello World!,dkfhAjifKzyOaGUU,ccbc2e2ab161b681b17a8005,24,ARC4
Hello World!,wblbJNMAzMgUHAOj,7d7dfaf3da1d5a1e18ea86d88e2323da,32,AES
Hello World!,wblbJNMAzMgUHAOj,7d4a5baf67377665eec5af329f96a05b,32,DES
Hello World!,wblbJNMAzMgUHAOj,e44140cd33cf5ec7c4b90cc5,24,ARC4
Hello World!,SQYrwyLtnNGGsMwt,d427582441caccc711cf4ecc2909933d,32,AES
Hello World!,SQYrwyLtnNGGsMwt,f128ee1fc7adea7edb1f29e1a0ab898c,32,DES
Hello World!,SQYrwyLtnNGGsMwt,7f23a5284469ef89dbd03ed2,24,ARC4
Hello World!,USmKPlHKAAifYibA,421b0a2fc6592c964785a6acf87e60b6,32,AES
Hello World!,USmKPlHKAAifYibA,24165eb23fe9a75ebd463612119abcf6,32,DES
Hello World!,USmKPlHKAAifYibA,c295bf5bff7657eb271775af,24,ARC4
Hello World!,sRJKKlJDUaeutkdo,e65b03f9e320799f30cdc79b91445218,32,AES
Hello World!,sRJKKlJDUaeutkdo,67dc1eaaee18545946bf1c19fb1c7be7,32,DES
Hello World!,sRJKKlJDUaeutkdo,209f3e28ca39cfd535aeae49,24,ARC4
Hello World!,vBeBvRysaavRSHCf,ff7c6ddaec7bc28ce8d3b2654904fd8c,32,AES
Hello World!,vBeBvRysaavRSHCf,9d34435ac5eb871a1ac36aa9c2b5dcc2,32,DES
Hello World!,vBeBvRysaavRSHCf,a9023d19fcc0bf0a9c114ecc,24,ARC4
Hello World!,uaqeeaBOPBgprhRj,1b7dfb1805438a2d9d27eb848ef25879,32,AES
Hello World!,uaqeeaBOPBgprhRj,3b5f25fc3d8a2d430967de30942da572,32,DES
Hello World!,uaqeeaBOPBgprhRj,d7e58993c56efaaab5f8e7a2,24,ARC4
Hello World!,VtNgZyujzfzbTtqk,d3d09a682ffead1bf908b78fcc36c813,32,AES
Hello World!,VtNgZyujzfzbTtqk,33b9e992d1d98ed62f759e2a7725183d,32,DES
Hello World!,VtNgZyujzfzbTtqk,bf247c64614a723d73ce8d9c,24,ARC4
Hello World!,chSvRoarhpJXNbTt,fbf2facb489ba07a949728e712b12b77,32,AES
Hello World!,chSvRoarhpJXNbTt,f23d16655ffd110bd4f950ed7f6cbdef,32,DES
Hello World!,chSvRoarhpJXNbTt,15022997bf0183bcf3747029,24,ARC4
Hello World!,TINsNzPcFrUrXSuB,2b66c4b2858d34bdb0fb9abb35bb708a,32,AES
Hello World!,TINsNzPcFrUrXSuB,ff44db36b112d30dbf5c5649ec8876ad,32,DES
Hello World!,TINsNzPcFrUrXSuB,f5e5595d63e3a840bdb6e848,24,ARC4
Hello World!,VIAGNEauCHLRgmjz,b0c7be3d06f7fc8278ab1d2ef7166869,32,AES
Hello World!,VIAGNEauCHLRgmjz,5ec0a3f32feba87fcc4b2b1256cc381e,32,DES
Hello World!,VIAGNEauCHLRgmjz,81e5255d035b9d354eee030e,24,ARC4
Hello World!,lrVjasYgnSixkAkc,16d2a1250a075c789355b20358853684,32,AES
Hello World!,lrVjasYgnSixkAkc,eb84fbd99fa2f7637fa6fd20f670d0ab,32,DES
Hello World!,lrVjasYgnSixkAkc,e8d67279b90d573b05da60ff,24,ARC4
Hello World!,jsWfnSUFMqLFQszG,9c9af2fc3a30645963218ef1a1ccb6d1,32,AES
Hello World!,jsWfnSUFMqLFQszG,64aac6c32bc70543395305a08236c160,32,DES
Hello World!,jsWfnSUFMqLFQszG,b41397097d12490fb557165b,24,ARC4
Hello World!,HsMWDvWYgpviuoHU,cb4a7a58da662cff34ba7b1291d522a7,32,AES
Hello World!,HsMWDvWYgpviuoHU,1c2c8226abb915f84351878a6921de56,32,DES
Hello World!,HsMWDvWYgpviuoHU,8af1b150e3d847032cc0df60,24,ARC4
Hello World!,aUccnCrhOmbaObow,12fd2f8633d97c083c5312a4f4946c01,32,AES
Hello World!,aUccnCrhOmbaObow,55908ad9ae78ac1933eb9c22334c62d9,32,DES
Hello World!,aUccnCrhOmbaObow,2c07294aefb5dd2c9095b766,24,ARC4
Hello World!,bzEiueXijmPwWUEg,96c650e7b446398ea765766ef9fbcf2b,32,AES
Hello World!,bzEiueXijmPwWUEg,bd9e5c3cce8ba6d5cc3eb34f8fac869c,32,DES
Hello World!,bzEiueXijmPwWUEg,c56793f258d06f0e66eb7250,24,ARC4
Hello World!,eMHxsUftHWdRjRlu,dc31291ff068e892f81eea3dc21ea522,32,AES
Hello World!,eMHxsUftHWdRjRlu,ae76fbd19bccc3dbcf8fe4fd65928fd2,32,DES
Hello World!,eMHxsUftHWdRjRlu,d0c0750cebd529c737f31a89,24,ARC4
Hello World!,GimfWfhbzYHyUBPv,1246e260e975bbe23546806a8a1c9f01,32,AES
Hello World!,GimfWfhbzYHyUBPv,6cd82bb4b7783f9de0a5af58cc7cfe90,32,DES
Hello World!,GimfWfhbzYHyUBPv,2bdc65861ae64bf4be7cd96b,24,ARC4
Hello World!,cTKENGVhCNUWczbp,53d24ac21b1b4dbe3cc49f572f5d4126,32,AES
Hello World!,cTKENGVhCNUWczbp,17ddd797e0fa16db8b3294a5fbc098d9,32,DES
Hello World!,cTKENGVhCNUWczbp,9b0aabf81285d5351ed04c3a,24,ARC4
Hello World!,eHJTxQPXfwbLqUof,79c360ae662a81941d7f526420ef4dd9,32,AES
Hello World!,eHJTxQPXfwbLqUof,b10b051f61b96c4d76cefca928332893,32,DES
Hello World!,eHJTxQPXfwbLqUof,f56134f690637200dab2000f,24,ARC4
Hello World!,YivufJPxwWCfNFGH,8b34bb9f2b53a802702d38f4a8e056fe,32,AES
Hello World!,YivufJPxwWCfNFGH,3a4d629c1ab774e98365c3c856a03fa8,32,DES
Hello World!,YivufJPxwWCfNFGH,088151562c31cac5c13dabb5,24,ARC4
Hello World!,AFMlTawQrZUlsfdM,3af85ea9eb15d774f4f006bb7ebcd03e,32,AES
Hello World!,AFMlTawQrZUlsfdM,22a93ca65a36130c728e92f1ab4f2779,32,DES
Hello World!,AFMlTawQrZUlsfdM,2ef0df58ec4e218cce3f0fa1,24,ARC4
Hello World!,XbQAXAdkDZodllHF,d33474ab08703c7e463cd42364b43102,32,AES
Hello World!,XbQAXAdkDZodllHF,5cdf8279a4a63c1833f4265cef97896a,32,DES
Hello World!,XbQAXAdkDZodllHF,1c9a6b3ab89bfd90a65768ca,24,ARC4
Hello World!,zPVEiZeAxVistqwS,7324b9a9fcdf7af68951ceab64017e83,32,AES
Hello World!,zPVEiZeAxVistqwS,674ba01a2c87a69dd0ade7a530666de2,32,DES
Hello World!,zPVEiZeAxVistqwS,35c8fa7be40eb2324f49d1b6,24,ARC4
Hello World!,MdNFTWlGnsmWaCcm,4695f75f84c079506534f8df7ae60128,32,AES
Hello World!,MdNFTWlGnsmWaCcm,27a9b76994be1eafe5685778562a052f,32,DES
Hello World!,MdNFTWlGnsmWaCcm,91333f9f2890fa5dddb2eebf,24,ARC4
Hello World!,dXrXCwiglkRJetCL,5bf03be603dab64795de2ae1384e50c6,32,AES
Hello World!,dXrXCwiglkRJetCL,efa296c7992321992987544d806a5040,32,DES
Hello World!,dXrXCwiglkRJetCL,f4cbdb6e281bee8e382e96b4,24,ARC4
Hello World!,OASBdsBpgIvLNPyC,8ff1d60f0778c1e69800b0d2b121afde,32,AES
Hello World!,OASBdsBpgIvLNPyC,304b178507ebcfacc0f2496a3d1ed88b,32,DES
Hello World!,OASBdsBpgIvLNPyC,f6caedcafac91d5aba69a5cf,24,ARC4
Hello World!,aCFnKHnDOZSKSLrB,52140b6ee8a24ea727c0838b82a2848e,32,AES
Hello World!,aCFnKHnDOZSKSLrB,a3bd1b41798585e5b326ae1b424fbf50,32,DES
Hello World!,aCFnKHnDOZSKSLrB,a727441ab9fb27fafd08d622,24,ARC4
Hello World!,umNhPkEJevtGbqRU,2372336926964f85e02f03b276d264ba,32,AES
Hello World!,umNhPkEJevtGbqRU,8cfacd852077af8e4f53dba4ae013757,32,DES
Hello World!,umNhPkEJevtGbqRU,c2175de436e1e7a6daad7e39,24,ARC4
Hello World!,FnBAWiqMaHTZBNLv,20ddbbd96380a9e3b0f3c93ad442fc46,32,AES
Hello World!,FnBAWiqMaHTZBNLv,6c72efcfbac742c866e013400f40a6fc,32,DES
Hello World!,FnBAWiqMaHTZBNLv,11a8e70bbf650869e95c16ee,24,ARC4
Hello World!,EZLhKcaiZtypteoy,32991cb0ce2b0ff61aeebd61d8deec1f,32,AES
Hello World!,EZLhKcaiZtypteoy,8ac2252c96aedf33cf27c8e071d12825,32,DES
Hello World!,EZLhKcaiZtypteoy,1076fda0490391960129e0cf,24,ARC4
Hello World!,XgScpTMUNHfNspRW,a89d43fd48254566e29024fd827dd3cb,32,AES
Hello World!,XgScpTMUNHfNspRW,6f8a19a29f64221e0bf74fd73de6e208,32,DES
Hello World!,XgScpTMUNHfNspRW,6f942a37ca8739c29690ba29,24,ARC4
Hello World!,FKqrwzVVOVsWZtKH,e791a28f2a7af97c6f844239380d8f9e,32,AES
Hello World!,FKqrwzVVOVsWZtKH,585f97528b957fb718f818b5880f8a71,32,DES
Hello World!,FKqrwzVVOVsWZtKH,e828fb87256004f1e6e22ffb,24,ARC4
Hello World!,hxwJUjArUHiqtEIl,e888fd12b41a1214a5e110ee6847989d,32,AES
Hello World!,hxwJUjArUHiqtEIl,45739d7805dc378fe1ffd6babcf257bd,32,DES
Hello World!,hxwJUjArUHiqtEIl,ddf649be82d2f061341f2453,24,ARC4
Hello World!,HRsJtOVSskmTQpRC,9ca1d553672d48845f08a61352811380,32,AES
Hello World!,HRsJtOVSskmTQpRC,291f5dde6907937f20924b25349f893e,32,DES
Hello World!,HRsJtOVSskmTQpRC,5997b5f1210789a53501b0c6,24,ARC4
Hello World!,ihCMhdRhJbDJxhPz,e4fee89fd79dee5e95b2a8446076276d,32,AES
Hello World!,ihCMhdRhJbDJxhPz,303d99e58a5e7b4a5609574d40fadb5c,32,DES
Hello World!,ihCMhdRhJbDJxhPz,521ea56971b761d883acc55d,24,ARC4
Hello World!,SVAuUuWAHWoKwbwR,1a08f2c161eab51e01186cfb375b3f77,32,AES
Hello World!,SVAuUuWAHWoKwbwR,173b428d4e76e308c8c12ab4497b9d97,32,DES
Hello World!,SVAuUuWAHWoKwbwR,00bf88927735378a29b38965,24,ARC4
Hello World!,djqsJzZOMWxhjYJK,5df1a711777197f094d39d19aafcaba1,32,AES
Hello World!,djqsJzZOMWxhjYJK,e00339cb8dbeeb8996e7d7ff6a63b9f2,32,DES
Hello World!,djqsJzZOMWxhjYJK,747ab48c75ba61f1c117a8f7,24,ARC4
Hello World!,BxllQzYejiUMkFbT,90f4f0f031a6fdf14ccaf58f45930253,32,AES
Hello World!,BxllQzYejiUMkFbT,51a79c11ea17c38b6be983f670e35a7d,32,DES
Hello World!,BxllQzYejiUMkFbT,47254064a9b2673774681419,24,ARC4
Hello World!,xpdFYwnuwSaRAkFl,34020ac428987ddaee61a16be70e9de1,32,AES
Hello World!,xpdFYwnuwSaRAkFl,896fa4ca1797050fa4c820adc4cd39fc,32,DES
Hello World!,xpdFYwnuwSaRAkFl,eed79eec76041cfe017d2c10,24,ARC4
Hello World!,nXIoeHqLeXoeZQYs,2f49429a9677868bc2db1c543bc8c97d,32,AES
Hello World!,nXIoeHqLeXoeZQYs,2e694013c83398d7f9018ae59de7b7ee,32,DES
Hello World!,nXIoeHqLeXoeZQYs,c6dcc4e9b8852577e2c318b3,24,ARC4
Hello World!,pzPWuJwNtWrxBTyz,3f2931752ac6031a4c429e43955e90a6,32,AES
Hello World!,pzPWuJwNtWrxBTyz,ceca60856b210aeb893b5352efa60ebd,32,DES
Hello World!,pzPWuJwNtWrxBTyz,e5a083ffba9810edac80bff0,24,ARC4
Hello World!,GPTedqPHaxJjFvyd,25d678bc88ee3cc0a808f1e199fc0164,32,AES
Hello World!,GPTedqPHaxJjFvyd,bdf0e39117084bb3e49e6b645d36f605,32,DES
Hello World!,GPTedqPHaxJjFvyd,18c39f86b23ac289c9b2f945,24,ARC4
Hello World!,QAdexsQCtwldURwv,d6ce3ce7ab341d5ed9777a9c7c66fd83,32,AES
Hello World!,QAdexsQCtwldURwv,bebd85c3488f95ecd87fe969b2d1fc21,32,DES
Hello World!,QAdexsQCtwldURwv,399de09719f52c031b8d5338,24,ARC4
Hello World!,yfsqpahEnFhqZcKZ,5a96578cba94b18215fa8e84d013fe2a,32,AES
Hello World!,yfsqpahEnFhqZcKZ,527c52c4b9b7caa58c85b69bbcf8421e,32,DES
Hello World!,yfsqpahEnFhqZcKZ,31e40766fef20e9013994529,24,ARC4
Hello World!,nIabGPzJHSClADsz,8d341dbb493e5d527f2d4249af09c735,32,AES
Hello World!,nIabGPzJHSClADsz,138f0e03d211b0b424e1b26127bdc330,32,DES
Hello World!,nIabGPzJHSClADsz,1cfcce4a57b60bdffce16d2d,24,ARC4
Hello World!,RJdnGlmkoAXmPgdG,5abdcc52567c5fc94d692969fc399dea,32,AES
Hello World!,RJdnGlmkoAXmPgdG,7d77aee1da8ca504de7a141481dd21b9,32,DES
Hello World!,RJdnGlmkoAXmPgdG,76605d48c9d4993627f206a9,24,ARC4
Hello World!,xnHZwVrFvZhRBPwF,2523b33810adb757d144471b25137fae,32,AES
Hello World!,xnHZwVrFvZhRBPwF,c8c8f9a101cae036083212ba3746156c,32,DES
Hello World!,xnHZwVrFvZhRBPwF,ba750cba8560eb01d0ec2f41,24,ARC4
Hello World!,NHywyOMAjfgcTRFS,5f218902a64b0d3e413128e6e5fe9274,32,AES
Hello World!,NHywyOMAjfgcTRFS,d3668a6440b56a7abfb5df83abbc5a64,32,DES
Hello World!,NHywyOMAjfgcTRFS,93d5d4e547a6eab8f724470c,24,ARC4
Hello World!,HlgyiXQHkmbAtJGS,d02f829690e8f154ffffb145287def85,32,AES
Hello World!,HlgyiXQHkmbAtJGS,8e655f202141d507655dc760d46cdb74,32,DES
Hello World!,HlgyiXQHkmbAtJGS,c609f640defd4cee5b09c296,24,ARC4
Hello World!,AbhvtlMDoesHVVzD,d323d3c89d1da97035b7fd48d7d84fbe,32,AES
Hello World!,AbhvtlMDoesHVVzD,15c3f7bb74eb7cc5d94f2b7647d713aa,32,DES
Hello World!,AbhvtlMDoesHVVzD,25ab0c44241ae7db7e2b343d,24,ARC4
Hello World!,okdnwuAMTxSwhcBY,b7ffdf2f1766b11cabfda9a0f1de93f3,32,AES
Hello World!,okdnwuAMTxSwhcBY,73ab84cafaf603baa03ebabb70f6e0f3,32,DES
Hello World!,okdnwuAMTxSwhcBY,8d95b37b4c26e6cce42cda0f,24,ARC4
Hello World!,VNwlVIAovTDUWxCw,f239b79c231d5ea1255ae7a967ae7742,32,AES
Hello World!,VNwlVIAovTDUWxCw,dd44c8ecd2f2bd2b50939255b07ace7a,32,DES
Hello World!,VNwlVIAovTDUWxCw,74c4aaaab9f13b14949e7db3,24,ARC4
Hello World!,zRFkdtVkMBDDoheB,f69fcc205b998aeb6caf56a9b0206d49,32,AES
Hello World!,zRFkdtVkMBDDoheB,7295a8106e7a4ef3ec10f25d3e2139c4,32,DES
Hello World!,zRFkdtVkMBDDoheB,fd46c9e5919fc78a288cf8da,24,ARC4
Hello World!,tYxtfvRqLiMEsRWf,7fe32cfe4a21d2514d1f4dfbd26cb38f,32,AES
Hello World!,tYxtfvRqLiMEsRWf,731679849e5f952351ce66ed6808ccf9,32,DES
Hello World!,tYxtfvRqLiMEsRWf,e32643dd3c90ceab0f81f3f5,24,ARC4
Hello World!,uKnYDOAaPiFAxICu,3e68665a95841cb34106edccd54b3a95,32,AES
Hello World!,uKnYDOAaPiFAxICu,93ba902a61b07c034cf6ddbc6813d715,32,DES
Hello World!,uKnYDOAaPiFAxICu,d9134c92d53b838d2ad972bc,24,ARC4
Hello World!,sKJrLMTMamirVsLs,5475474033bfc065ac05b18258e89b14,32,AES
Hello World!,sKJrLMTMamirVsLs,7eb7392b94d0844c1a9b186fd1be8bde,32,DES
Hello World!,sKJrLMTMamirVsLs,c4acf4d1022a4ec3b457e779,24,ARC4
Hello World!,aFiASCmspCdSoNRj,d1c4540993e767b996af6b189a39b04d,32,AES
Hello World!,aFiASCmspCdSoNRj,91421b83963e0d2376db8ddb5e22d986,32,DES
Hello World!,aFiASCmspCdSoNRj,48a942dc47ce9f45eb0a5e44,24,ARC4
Hello World!,PiAzJhJIOjUPhrzl,5c4377d2d288238f89a36614022ae747,32,AES
Hello World!,PiAzJhJIOjUPhrzl,8ba8b93be6099357ac454aebea474387,32,DES
Hello World!,PiAzJhJIOjUPhrzl,cf0ac37e4693e949881c64bf,24,ARC4
Hello World!,SlDcUFERAvzfWCsl,5cb54e0a75227862bcabf3d31c1602e1,32,AES
Hello World!,SlDcUFERAvzfWCsl,8efbbf4aa2c18e2534ce7aee12913b98,32,DES
Hello World!,SlDcUFERAvzfWCsl,fc5cbfc5125e01c59f20ae1d,24,ARC4
Hello World!,yyCpQIKdNnUvgpVK,153c0194d6963e5694f2df0ae4d7c618,32,AES
Hello World!,yyCpQIKdNnUvgpVK,1205ec9c02ca135d504d33880bbe8905,32,DES
Hello World!,yyCpQIKdNnUvgpVK,33e64ad7bf71af8205000e02,24,ARC4
Hello World!,hGWQOZLwiuKzrzPN,9b1cbec2e9e4581ec96d0dd02a5c5e90,32,AES
Hello World!,hGWQOZLwiuKzrzPN,e4e7f11e5b34d33ac197371d6cf89f98,32,DES
Hello World!,hGWQOZLwiuKzrzPN,ea7a82bfab37bca296ddea25,24,ARC4
Hello World!,OoYqczpgxLRELqWr,6cddfca4bd4f378f4e4c3454cbd3dcb3,32,AES
Hello World!,OoYqczpgxLRELqWr,c8edb19a7c8d0bd76e02689040097a8c,32,DES
Hello World!,OoYqczpgxLRELqWr,4c9519b822c25b5e5ea9d350,24,ARC4
Hello World!,SIFxHUqjhpPrLfda,8f1f37d4428f85d29a7420cf8ea19031,32,AES
Hello World!,SIFxHUqjhpPrLfda,91ff04482d360d3b0c45b09e382226eb,32,DES
Hello World!,SIFxHUqjhpPrLfda,4ca58f546319b675631d095a,24,ARC4
Hello World!,ZvJNFazbWJxybaYC,b768aca6e12f569e25553cfc2df51f93,32,AES
Hello World!,ZvJNFazbWJxybaYC,2b85bf6c3274d0baeacc781a781e9f6d,32,DES
Hello World!,ZvJNFazbWJxybaYC,aaab8f75892002cbdf0056b7,24,ARC4
Hello World!,xMyLQjojaITYAvZc,5ecf8239e76ab35690ce9092193b2cb1,32,AES
Hello World!,xMyLQjojaITYAvZc,665e2cb284ec975bac5d2a32b7cfcf12,32,DES
Hello World!,xMyLQjojaITYAvZc,1c336b42afce375013fecad9,24,ARC4
Hello World!,obEEbSuvCnrIvtEv,1d1515f4132beba474b0d3d2bd661259,32,AES
Hello World!,obEEbSuvCnrIvtEv,aab409001ea032728f7e31bb44e4fb49,32,DES
Hello World!,obEEbSuvCnrIvtEv,b2cd029822d88cf718c66086,24,ARC4
Hello World!,TkANhGOYLjPLOyrF,08d9431a45e6c9927ace459e1a0ee927,32,AES
Hello World!,TkANhGOYLjPLOyrF,6320f9762329c9a520d2f12f6c0f4d2e,32,DES
Hello World!,TkANhGOYLjPLOyrF,351491dc46e05aed029fcb94,24,ARC4
Hello World!,wIIiPsTxClgBxWlx,b7af26f5538c5d2fcec5871baadf359d,32,AES
Hello World!,wIIiPsTxClgBxWlx,1c7353f9075a8983f98eab13babda311,32,DES
Hello World!,wIIiPsTxClgBxWlx,d6ff1367ae91f3bed7c1f16d,24,ARC4
Hello World!,fWHvUTkBKrqfKzQO,b1fc23c31ec90b813634f1e44bdcc8d5,32,AES
Hello World!,fWHvUTkBKrqfKzQO,2f387f537d0671e2e18bda39364fab98,32,DES
Hello World!,fWHvUTkBKrqfKzQO,5ca0b78a963136b1e7e2cb53,24,ARC4
Hello World!,cGrBHKyUMdjlMOIz,f8ec18bfe96cd01890d6424f9b6681e6,32,AES
Hello World!,cGrBHKyUMdjlMOIz,e14e550c796e99541609df618e2fc1d2,32,DES
Hello World!,cGrBHKyUMdjlMOIz,0fa54a5661b7413c157840a5,24,ARC4
Hello World!,QmjjYIZVIObgWoWe,1b9fb3d6a58e2071f5c734cb546ffbe3,32,AES
Hello World!,QmjjYIZVIObgWoWe,635f8fc4cc14fa40f056b7cbea14c54b,32,DES
Hello World!,QmjjYIZVIObgWoWe,ed6921e5e148161085da3b43,24,ARC4
Hello World!,SGiVgPRgZIdlBedr,8d58c971592b8aff9644eb84a4d51232,32,AES
Hello World!,SGiVgPRgZIdlBedr,04b95ba2737ed04da19071728fa95307,32,DES
Hello World!,SGiVgPRgZIdlBedr,c5195553079842da5d478b16,24,ARC4
Hello World!,RcXLInIZqwAYMeXu,563ac192b7345e91cfbe29eebf6e54a0,32,AES
Hello World!,RcXLInIZqwAYMeXu,75338b09b2a0d108efbc90d8086f3c40,32,DES
Hello World!,RcXLInIZqwAYMeXu,c40d4e2900a953bea9c33255,24,ARC4
Hello World!,AuUxLijDzoEgepdR,8ac4afc0c7b27d7054bb26861f2def14,32,AES
Hello World!,AuUxLijDzoEgepdR,92eaf36c562a5b8a2283c6b43efaea10,32,DES
Hello World!,AuUxLijDzoEgepdR,6d1646b3628048b4db5421cc,24,ARC4
Hello World!,UPHjtRTHDwQwmKKN,02595fee037ebce9c4164a82f61663d8,32,AES
Hello World!,UPHjtRTHDwQwmKKN,526bda321b2d40da9ae4e66d89ce8b7f,32,DES
Hello World!,UPHjtRTHDwQwmKKN,7ba07131718630bc8a6bef2d,24,ARC4
Hello World!,hQDtuFrcpHTViJPQ,1dd8b95d3f3a3086aeb57391b1a05156,32,AES
Hello World!,hQDtuFrcpHTViJPQ,a3f13c065d5e68366f593ff780425acb,32,DES
Hello World!,hQDtuFrcpHTViJPQ,353055d8bd32843c01a75d15,24,ARC4
Hello World!,ELkaKBLlwaDVrmuv,ac07f353590d27e7cf5479deccdeaa91,32,AES
Hello World!,ELkaKBLlwaDVrmuv,f25c7266fd71e7c2d6a65f25dce385e2,32,DES
Hello World!,ELkaKBLlwaDVrmuv,f1e1334de43132dfed3417a2,24,ARC4
Hello World!,AUGstKfCtltxUWGk,6149ff90ce0cef82be3ea621cb22f230,32,AES
Hello World!,AUGstKfCtltxUWGk,c1208a9103eb9d32d9b117ece05155ff,32,DES
Hello World!,AUGstKfCtltxUWGk,b4c1a31b3c695306be5efa6d,24,ARC4
Hello World!,ZrhqRyLJYspaeMwb,73b3109e9ac7dfd4596f080abd3291b3,32,AES
Hello World!,ZrhqRyLJYspaeMwb,b7bfa9f6092d93f3c6faa4adb8630783,32,DES
Hello World!,ZrhqRyLJYspaeMwb,130f34f0a2f82c76440b845e,24,ARC4
Hello World!,rJTVbibuTihEsTPA,fbe57daf2ec26fbc3fe845c684f8a287,32,AES
Hello World!,rJTVbibuTihEsTPA,a95e29db8dff2cf0d401e24da80820a8,32,DES
Hello World!,rJTVbibuTihEsTPA,a1b9d413445303a74155ebc3,24,ARC4
Hello World!,GVRdvlLWCkMPOAcf,a78661f266342725fee37e1813b8e08f,32,AES
Hello World!,GVRdvlLWCkMPOAcf,cf8444eed4ea7b2d8c4c33525c0abc17,32,DES
Hello World!,GVRdvlLWCkMPOAcf,85a04e676a86d6de95acee22,24,ARC4
Hello World!,tKRMgWNlpeuxceWE,809dd4046f08127595b414e0127db81d,32,AES
Hello World!,tKRMgWNlpeuxceWE,359c691dbe6a202f5b3be05b294283e1,32,DES
Hello World!,tKRMgWNlpeuxceWE,08472cd04453048a08d262aa,24,ARC4
Hello World!,wMKjqcmBFkUTcVYg,17f45b7640a98b55f2d252a4615cd504,32,AES
Hello World!,wMKjqcmBFkUTcVYg,8ff860867577a71715ae0da27b4c8871,32,DES
Hello World!,wMKjqcmBFkUTcVYg,6c63720b4b59c680d3f8a46f,24,ARC4
Hello World!,CxKCQMOQSUeqPAai,ba584cc977f17ba1d996d371bf41fe8f,32,AES
Hello World!,CxKCQMOQSUeqPAai,21c2d906cbaedb926991bba17f154864,32,DES
Hello World!,CxKCQMOQSUeqPAai,0cb25ed31968c926497fbf76,24,ARC4
Hello World!,xEVrFZTlLfxqDBPM,301f4e9c7e9d8fd23053216aec24a091,32,AES
Hello World!,xEVrFZTlLfxqDBPM,4533c81c307c61237520038071c7c844,32,DES
Hello World!,xEVrFZTlLfxqDBPM,c30c9bb081207678c60f1ae6,24,ARC4
Hello World!,emXyhgtoaEVjwobe,cd7aaa613b87cff8888fe91e4d120169,32,AES
Hello World!,emXyhgtoaEVjwobe,b29355dec4afb82ca3fe258a97ae8ac4,32,DES
Hello World!,emXyhgtoaEVjwobe,dac87f6bf35bc35c29776d2a,24,ARC4
Hello World!,TcslsgWGwlMfyfiE,363390ac58c0cd8ae81d1f4f6fe71379,32,AES
Hello World!,TcslsgWGwlMfyfiE,26385e018aedf62c0aa19d8c4828a52f,32,DES
Hello World!,TcslsgWGwlMfyfiE,a4b05b59e8635be59265c00e,24,ARC4
Hello World!,UQchxtmjWBcyhtei,8546d06ce3e4a30e881f9fe0a68c99b8,32,AES
Hello World!,UQchxtmjWBcyhtei,6b0c4c0c2e705d7e7b44b3ab5cf514e7,32,DES
Hello World!,UQchxtmjWBcyhtei,850dcd33c89770467570be92,24,ARC4
Hello World!,LRtzReMAGliHZBYU,a2cdee0e1fde508ba6f584c2080802cc,32,AES
Hello World!,LRtzReMAGliHZBYU,40f2e4fe42e9052960ff7ed205858793,32,DES
Hello World!,LRtzReMAGliHZBYU,9aba922038bc4c9ff4771219,24,ARC4
Hello World!,fRewhSsWeRNPWXit,de085e36d52382c6c00296ad1b5de78b,32,AES
Hello World!,fRewhSsWeRNPWXit,b4d95df97d537e8953e4752e7b380629,32,DES
Hello World!,fRewhSsWeRNPWXit,d4baf223708bc632ba2e3812,24,ARC4
Hello World!,ydVvOcZpeXbUoueG,01d2c9bf73fc118a905a27c9aa4b1c67,32,AES
Hello World!,ydVvOcZpeXbUoueG,edd5e1089f71dd276b5a1f47b530b47f,32,DES
Hello World!,ydVvOcZpeXbUoueG,d7efea6584db83cb629eae1d,24,ARC4
Hello World!,AXpMBeVlhOlvIJYD,4e10b74202b4687068a5cf9e60a8312b,32,AES
Hello World!,AXpMBeVlhOlvIJYD,288d743d3b7729c75626aad8da902173,32,DES
Hello World!,AXpMBeVlhOlvIJYD,f3fd5b5efb8fde8be0808440,24,ARC4
Hello World!,bauZgVFsAAYVjyLp,f030a5748e67d5cf542abda82103da58,32,AES
Hello World!,bauZgVFsAAYVjyLp,e3aad1ed705b2410c207b74d3357a1aa,32,DES
Hello World!,bauZgVFsAAYVjyLp,d20a569e1203d577d74400a4,24,ARC4
Hello World!,EtwBPShOgeOSYRRT,f6518e4043412742e02ecf84d95167bf,32,AES
Hello World!,EtwBPShOgeOSYRRT,fd52dffc0cfa63a2ff9b03799b04e955,32,DES
Hello World!,EtwBPShOgeOSYRRT,d1ec8d1679cb894549c7c3d1,24,ARC4
Hello World!,yTpTWcJLygmvFtah,49805f8a49a9a43f59449f7e88d9c06e,32,AES
Hello World!,yTpTWcJLygmvFtah,92ce3d092b7ab21ff2b5c88d4d592fb9,32,DES
Hello World!,yTpTWcJLygmvFtah,7fd8a17babb69d36bb5b8e35,24,ARC4
Hello World!,XVAqGFWmSKqaBcWV,fe0f8b59bf4a5e8fb656d12eb7af7cbe,32,AES
Hello World!,XVAqGFWmSKqaBcWV,5f68c141ef056968ea4e19e1b6aacfd2,32,DES
Hello World!,XVAqGFWmSKqaBcWV,bf0b6f9c7cc1837cf0d450be,24,ARC4
Hello World!,YigJpcxhagyPPjeA,2cf6a5da457b7a4e905c2b06ebaf0427,32,AES
Hello World!,YigJpcxhagyPPjeA,dfe067ec8182059c2c8764d1f2a7748c,32,DES
Hello World!,YigJpcxhagyPPjeA,a35a6fb272dd33d0cd063ec3,24,ARC4
Hello World!,vRqPZTNyvNekxJXX,18e2c4d6717f6761d324deaca45e8ed9,32,AES
Hello World!,vRqPZTNyvNekxJXX,11b155436593c755ae0bd52c20832cee,32,DES
Hello World!,vRqPZTNyvNekxJXX,96a00b1bdead61f6fff1a94f,24,ARC4
Hello World!,hcEQhtqhicLBfDdO,1920b4094fcfc177a1be4f4569558361,32,AES
Hello World!,hcEQhtqhicLBfDdO,8150d92712012f20fc3076cdbef762fb,32,DES
Hello World!,hcEQhtqhicLBfDdO,ff241d3ac1b9ffdae43715ad,24,ARC4
Hello World!,yGQdKgQpPKRlxTRk,c63b150c5d4c47ddf4ffb2fa14edaab4,32,AES
Hello World!,yGQdKgQpPKRlxTRk,36b476f34a1ca86ba6b9b64258e879c6,32,DES
Hello World!,yGQdKgQpPKRlxTRk,7403eb43deb6239441d7cc72,24,ARC4
Hello World!,DTOSnqwbJOecSeWk,cc78ad768c6c3e4b932ade8c5bc4b56d,32,AES
Hello World!,DTOSnqwbJOecSeWk,1414daa6bbd85ddc812d3d5f9a502917,32,DES
Hello World!,DTOSnqwbJOecSeWk,23509261084d7f8c7b617811,24,ARC4
Hello World!,DZsKYVeUiKccqGku,461665c3ad2278787efe729418283ffe,32,AES
Hello World!,DZsKYVeUiKccqGku,d606e16fe39269f02a22442bdb37cb0b,32,DES
Hello World!,DZsKYVeUiKccqGku,c43da2c51b7b816ac6c88fae,24,ARC4
Hello World!,bDfXMlUpfscubyIg,00b3a51554e5fc18ac42f2666cd13144,32,AES
Hello World!,bDfXMlUpfscubyIg,81d87da6c817979ebdbc5812a0fc4488,32,DES
Hello World!,bDfXMlUpfscubyIg,32cd9648762ec772708e2e09,24,ARC4
Hello World!,BhBlOCoefNsUpdKN,71370dcf297c8fcaa4a398fdd2761b33,32,AES
Hello World!,BhBlOCoefNsUpdKN,f3757e097475062cff38908490ae93e3,32,DES
Hello World!,BhBlOCoefNsUpdKN,2ada8033dd58fd72bd170226,24,ARC4
Hello World!,EooLFTHUsEognXGY,cb5b3cccf83fcf769e914856ea0e4cab,32,AES
Hello World!,EooLFTHUsEognXGY,7cd1f0c0a7e88811c09870911219041d,32,DES
Hello World!,EooLFTHUsEognXGY,ab558f0921334b82a628c7b1,24,ARC4
Hello World!,ezEcgqMMsVFzaMDo,b39d0f75a831bd9d435a34ed4b285352,32,AES
Hello World!,ezEcgqMMsVFzaMDo,fb912b84de6a2565c57c0dec79fe2032,32,DES
Hello World!,ezEcgqMMsVFzaMDo,e9150db010da1d6363475d40,24,ARC4
Hello World!,rCtXmyZUwQxGqWEk,36b1913840a9f241e62d231aa0f2a9bc,32,AES
Hello World!,rCtXmyZUwQxGqWEk,b363a1ccba3b9acf6f4f345f38ce6bcb,32,DES
Hello World!,rCtXmyZUwQxGqWEk,13f5e2ce17cbc801905aecf9,24,ARC4
Hello World!,yMigxJIFJeYefOcq,d471b66de2406a1958c8f9b9e4d33607,32,AES
Hello World!,yMigxJIFJeYefOcq,81d65974b881f2c2c7d99245d5b9478b,32,DES
Hello World!,yMigxJIFJeYefOcq,e381bcf304a2e711c942677e,24,ARC4
Hello World!,lDjoHtdtUGaDYBEW,7deed5d73c86e9ae5b3f7e274098d883,32,AES
Hello World!,lDjoHtdtUGaDYBEW,0ae1504c991e15aa621e009c9265ab1b,32,DES
Hello World!,lDjoHtdtUGaDYBEW,8d02b0a830d40f429dae8e08,24,ARC4
Hello World!,bghAkBdBzlXImHhV,bec36a40aaabefff3dc179a605abe186,32,AES
Hello World!,bghAkBdBzlXImHhV,927055604a55b6a8742abde4d477f057,32,DES
Hello World!,bghAkBdBzlXImHhV,d8b65d5f2fd927f110f5d61b,24,ARC4
Hello World!,tlbAzpnBdNqFxMrF,3c765020e7079d33fcfb80ebe017d3cb,32,AES
Hello World!,tlbAzpnBdNqFxMrF,47cf2bf00a49f2ae96c6fc1f98778d14,32,DES
Hello World!,tlbAzpnBdNqFxMrF,906e4aba7935bc5f567bc4fe,24,ARC4
Hello World!,brWyoNKmMOpURBDo,4be87b4cdceff4593cc99c6477bc0b49,32,AES
Hello World!,brWyoNKmMOpURBDo,d960f3007b787a2f97dd796c565eb57d,32,DES
Hello World!,brWyoNKmMOpURBDo,d7c8b7f5583804e6830366cf,24,ARC4
Hello World!,OngqRiwJwWFLTybw,2783e949059851757bdf369e869facec,32,AES
Hello World!,OngqRiwJwWFLTybw,ba0aaab46fa5b1272cb6cd5136f877f6,32,DES
Hello World!,OngqRiwJwWFLTybw,f1e22f4f18801a0b21ff8efd,24,ARC4
Hello World!,uFcEnrpgKBeCCuos,f411dc226d64555f133cf502606816b2,32,AES
Hello World!,uFcEnrpgKBeCCuos,0a635cf306c281f289ec567b948e3990,32,DES
Hello World!,uFcEnrpgKBeCCuos,2b38edd6be0afa1ddd3157f1,24,ARC4
Hello World!,PyOxbKUhVqqbxRIT,f176035537a7f80ea26b25bc3daa647b,32,AES
Hello World!,PyOxbKUhVqqbxRIT,0b231393832a6edc8b93db3b23928e10,32,DES
Hello World!,PyOxbKUhVqqbxRIT,1e45df273b82bcb936c25cd7,24,ARC4
Hello World!,TvVxpabpMYNplUuh,6909b13ae68662f579ae198dfb78ac95,32,AES
Hello World!,TvVxpabpMYNplUuh,756c74060fab5c6ad302e3b2eab905c7,32,DES
Hello World!,TvVxpabpMYNplUuh,58f7fbf078c82b8bbe658f39,24,ARC4
Hello World!,EVCEGJSiAjGvwGzo,a61f9713e773389512ddc5a110ea00ef,32,AES
Hello World!,EVCEGJSiAjGvwGzo,4681398f9d8a2e1e37bc530fb4514cf5,32,DES
Hello World!,EVCEGJSiAjGvwGzo,99da6f20537fd23b2ecb5f44,24,ARC4
Hello World!,CSFbJlbJiJOOQNIp,e0016eb65494ff7fd96a7800178cc88b,32,AES
Hello World!,CSFbJlbJiJOOQNIp,d0aa55b9efa93a4ede94e01f11b67cb3,32,DES
Hello World!,CSFbJlbJiJOOQNIp,abb85cba12643a99391cd085,24,ARC4
Hello World!,UHBSTeyoaemIuNKE,dc7c5eb007567678fcb5bae4e3262829,32,AES
Hello World!,UHBSTeyoaemIuNKE,79bd55cd4a1b895ace8047b98bb0aafc,32,DES
Hello World!,UHBSTeyoaemIuNKE,324b711d885a700edb79d157,24,ARC4
Hello World!,VnqfCUbIrLNJGYdJ,7b7aca813480d7bce719fb4503902629,32,AES
Hello World!,VnqfCUbIrLNJGYdJ,aac62430bf2162a3ea37179b9944763c,32,DES
Hello World!,VnqfCUbIrLNJGYdJ,be3fd8ae480df033826d12f8,24,ARC4
Hello World!,EKULZePgqpyNYpdR,27344193666b1b9e1446c2b0299b4848,32,AES
Hello World!,EKULZePgqpyNYpdR,8eb1f66bd528de2220d34cc4d957c18e,32,DES
Hello World!,EKULZePgqpyNYpdR,71b86a4e7fc38a67ec5a0032,24,ARC4
Hello World!,nnreOMdFlvrHiYHD,6367b936f0436a35a9771bcb21084a49,32,AES
Hello World!,nnreOMdFlvrHiYHD,66fe4b6317b4d9add24555981345e858,32,DES
Hello World!,nnreOMdFlvrHiYHD,03598dde1e8873b33e42ac15,24,ARC4
Hello World!,fKXqbMMuCkOPsgzS,24663406da37f96e2f17ec1b6324dc69,32,AES
Hello World!,fKXqbMMuCkOPsgzS,ec7df65cd03079deab899a3d600ce622,32,DES
Hello World!,fKXqbMMuCkOPsgzS,24fae6e808a999bbb9f7e0ed,24,ARC4
Hello World!,YcPmPXcDczafDtlx,8fa0e2c1ab7b31ab1133a1170aa2a7bf,32,AES
Hello World!,YcPmPXcDczafDtlx,205032721a219b68042ddf45cb048f31,32,DES
Hello World!,YcPmPXcDczafDtlx,5f0f0518b6cbd18a88faa0e1,24,ARC4
Hello World!,UvpwuQQKXcJsmktl,a102b6c3222a238419196f2b0c8d0e79,32,AES
Hello World!,UvpwuQQKXcJsmktl,29809d874d1e7cb1361ec10a8476f85c,32,DES
Hello World!,UvpwuQQKXcJsmktl,2f729e10f74b618f87b6c30f,24,ARC4
Hello World!,NslZwTeoAtbkXKUD,4a2c5a9f4de44b6757732f311cdd3d68,32,AES
Hello World!,NslZwTeoAtbkXKUD,cfe35233b1a5c28a23aceea4501d46bb,32,DES
Hello World!,NslZwTeoAtbkXKUD,04acf61fe374d18b05c44119,24,ARC4
Hello World!,vlRBXpQCTuEVDyYc,f8efbb67feb8e1d776d91c51cedbf9b0,32,AES
Hello World!,vlRBXpQCTuEVDyYc,c7105b5f53c9c82614c7620f9f6ef946,32,DES
Hello World!,vlRBXpQCTuEVDyYc,4da111cd86532bd642c16224,24,ARC4
Hello World!,iZfhJkRVCWdWGDhh,154654f004eaeb6b20a1853d6c64ef3e,32,AES
Hello World!,iZfhJkRVCWdWGDhh,d6e7707b76c7cfeb9269e1080e00b9bc,32,DES
Hello World!,iZfhJkRVCWdWGDhh,beef23e09db0de1023af498a,24,ARC4
Hello World!,JXuFPKYnVrnvBgUS,1136775bcf3c4320ab3fcda43d96cb04,32,AES
Hello World!,JXuFPKYnVrnvBgUS,0d232da92284ffae3ae125a33cca078d,32,DES
Hello World!,JXuFPKYnVrnvBgUS,d116cc8adc91981cbf91c43e,24,ARC4
Hello World!,AvPKeSpphxrrJJQO,3a8b7c7ef9eed525aee48b9f66df77df,32,AES
Hello World!,AvPKeSpphxrrJJQO,e20fdc1ca9ce09519128fa3acfcc3bf5,32,DES
Hello World!,AvPKeSpphxrrJJQO,70408cefc94fbd3a9d8d4ef3,24,ARC4
Hello World!,DLJCcmTfSKuXGvvN,4722f13cc5a9d1eef04b57987ac3c7fd,32,AES
Hello World!,DLJCcmTfSKuXGvvN,ac54a166bb2f77e4df04177262d236b0,32,DES
Hello World!,DLJCcmTfSKuXGvvN,81d2238a75f0a711f6bc0610,24,ARC4
Hello World!,QUQERXbOqcQPyKkY,54bb3735a01088060c5cc2ec4a160452,32,AES
Hello World!,QUQERXbOqcQPyKkY,3ea951bbe1a0aafe43eb6f94191d7dfd,32,DES
Hello World!,QUQERXbOqcQPyKkY,b7db6ed5ac8046a2e3ccbdf0,24,ARC4
Hello World!,yXDCdJZwzjjjdSQI,1fb28f75d952b8d585fc77c05d0c7936,32,AES
Hello World!,yXDCdJZwzjjjdSQI,e37dcff924d86fe3e33d202894c95d86,32,DES
Hello World!,yXDCdJZwzjjjdSQI,63cda03507af26d71e8a1814,24,ARC4
Hello World!,wUKneulZaRiwiUgl,8e2b94aad7ca8352e0813d303231f664,32,AES
Hello World!,wUKneulZaRiwiUgl,1708f14e68662a95390b515a8e8d53f0,32,DES
Hello World!,wUKneulZaRiwiUgl,3436de7ae64b2e08df7ff0d6,24,ARC4
Hello World!,rPIwrxjDUUuXtSSA,ed5a73580c3ad69552cf2e8d57f0a603,32,AES
Hello World!,rPIwrxjDUUuXtSSA,1b6a5e6eb14f26193d930bb71432fe31,32,DES
Hello World!,rPIwrxjDUUuXtSSA,a683937cd199fa6659395494,24,ARC4
Hello World!,ntYTLcVjccEOYtrZ,d66b15fcbbb7b32ffff38ddd2739f54c,32,AES
Hello World!,ntYTLcVjccEOYtrZ,2f0bb3f8036493cc1db1038067efa6e5,32,DES
Hello World!,ntYTLcVjccEOYtrZ,7cf26e6392838e1ac260ef0d,24,ARC4
Hello World!,zjLEGgYiltgqldDn,f24161d7123a5a0b6fc3a664d62af53f,32,AES
Hello World!,zjLEGgYiltgqldDn,1a94a67d173e9deefee9022c50b05721,32,DES
Hello World!,zjLEGgYiltgqldDn,0655d96fef3a8d2706a21cde,24,ARC4
Hello World!,xJxtUTCPMLlZPEaa,912c9a6fb72d215cfa440479af9f4b52,32,AES
Hello World!,xJxtUTCPMLlZPEaa,828d4020a9900ba6fca4b71ea6ec1f68,32,DES
Hello World!,xJxtUTCPMLlZPEaa,2735cd8485242b4d0d4d6db0,24,ARC4
Hello World!,LtHSyOxrrbbvBybO,5c00f4166d7eebb19362e15f5b0dd675,32,AES
Hello World!,LtHSyOxrrbbvBybO,4755d46ccf1de2fae9f0ba40d97db7da,32,DES
Hello World!,LtHSyOxrrbbvBybO,509fd4bb993ec557c59b8691,24,ARC4
Hello World!,fEdNzqlhktVEgDNw,1d342eacc6386b2e3b6724888d2151c7,32,AES
Hello World!,fEdNzqlhktVEgDNw,a223804ce447f71d151a2ad7e8e4f4af,32,DES
Hello World!,fEdNzqlhktVEgDNw,267e66cab35c1d0e60711406,24,ARC4
Hello World!,BMNCYMtQJbWsoYia,186c52839f47bd59e7195a8f71e2bf85,32,AES
Hello World!,BMNCYMtQJbWsoYia,e4d0c9cf992e0e4bd6e36a605096bd89,32,DES
Hello World!,BMNCYMtQJbWsoYia,588a69c0f54c3ea1ad694d06,24,ARC4
Hello World!,mcRgPaYHaHDkzrfm,52dc050fcd3efa2ced3bd58780a6813b,32,AES
Hello World!,mcRgPaYHaHDkzrfm,72bec3a9624a4a9946e65aacbfb99205,32,DES
Hello World!,mcRgPaYHaHDkzrfm,b6b2984cce5cfa68cefbf329,24,ARC4
Hello World!,QjRgUTTcEHisDEhd,d969aff7ad9a0dcef9b6f4868bb7a39f,32,AES
Hello World!,QjRgUTTcEHisDEhd,e8f8aa39642343b6df0795490439da01,32,DES
Hello World!,QjRgUTTcEHisDEhd,5e6b4746814cd913445ff8ca,24,ARC4
Hello World!,puBVQFeHzEeXMMiD,a23924d4e0a1928bcf5b00ac6b23d2d7,32,AES
Hello World!,puBVQFeHzEeXMMiD,b178e83c4b6b7e66680e4666fb05252b,32,DES
Hello World!,puBVQFeHzEeXMMiD,4f2bd0386aaa99d569044eca,24,ARC4
Hello World!,sxTIZAjhOuSJyuyy,d74f96b695ddb911de5d3cf3c9ce72fd,32,AES
Hello World!,sxTIZAjhOuSJyuyy,af6d7722656b9ee8e9d67708cd5290ce,32,DES
Hello World!,sxTIZAjhOuSJyuyy,2950db0647690e2884564838,24,ARC4
Hello World!,ptaXWXjokorwneKL,0fa32c5651468ab83a5cf19a74d1826c,32,AES
Hello World!,ptaXWXjokorwneKL,1af9bf9b32fc0ae80177c703a694a49b,32,DES
Hello World!,ptaXWXjokorwneKL,0f0898fe7d31d2a01d554ddf,24,ARC4
Hello World!,PzkvWbwfqkdXDhga,641f5729c01aa601751803f2d2ed5b0c,32,AES
Hello World!,PzkvWbwfqkdXDhga,225ea9bd73d9949b7acc528ddec08387,32,DES
Hello World!,PzkvWbwfqkdXDhga,5efd9f5d031568f4f7d3f1c5,24,ARC4
Hello World!,erqdtUbEZOPLtvNC,1e83b0c15ce2e35bd2995ccb21123ad0,32,AES
Hello World!,erqdtUbEZOPLtvNC,e7e461d4f49e32dcef79d11a0c96fad5,32,DES
Hello World!,erqdtUbEZOPLtvNC,768afed387a768bd8bbb5b94,24,ARC4
Hello World!,DHNFOpNEQZmUjmGz,d8c59abbe86e4f1dd72bbf5ead03f541,32,AES
Hello World!,DHNFOpNEQZmUjmGz,65b9654e8bbd441debd1ef73dac7ca62,32,DES
Hello World!,DHNFOpNEQZmUjmGz,e2a28592d68e1d02ec090c74,24,ARC4
Hello World!,DRHlWlvYXvTlOCmf,418d1943880c06413ad94d7e5efb3162,32,AES
Hello World!,DRHlWlvYXvTlOCmf,32854fdd6efea710ba3b501354eac46b,32,DES
Hello World!,DRHlWlvYXvTlOCmf,923fc31be9131d8ddec22b99,24,ARC4
Hello World!,PriokMbhSdTNpbFK,7164972e550f3a0e65acf77b63166d34,32,AES
Hello World!,PriokMbhSdTNpbFK,0ce645a8057097b59c6a2008806b7df7,32,DES
Hello World!,PriokMbhSdTNpbFK,a0798a66c8d1138ebc53312c,24,ARC4
Hello World!,IurFIhVvDZDfmnkq,768e74030f40f42b2764c24c7894b478,32,AES
Hello World!,IurFIhVvDZDfmnkq,bceeef3fb057131989139623c5943f74,32,DES
Hello World!,IurFIhVvDZDfmnkq,9d32d569a9c5e05ceece29f7,24,ARC4
Hello World!,dvRKeIfYgTBacIoY,c9fe0a910d7cd0adbcf86765ff08f6dd,32,AES
Hello World!,dvRKeIfYgTBacIoY,b293add33e60a642fe515acb7539b581,32,DES
Hello World!,dvRKeIfYgTBacIoY,c4a318fb48a0ab091f249f8d,24,ARC4
Hello World!,VZDGfzOMrCbXWZQa,a11f6e8b6456f5e0affcbdad57325fa5,32,AES
Hello World!,VZDGfzOMrCbXWZQa,cd6295b79d148fc885e3adbdf3a4aee3,32,DES
Hello World!,VZDGfzOMrCbXWZQa,6990fe03509b07983016cf4d,24,ARC4
Hello World!,chJFPRCemvIWaUqH,a9b42916806ba655ad5d8d6d0d31c001,32,AES
Hello World!,chJFPRCemvIWaUqH,f3625c62ea9a693b830a7cf3945b9c45,32,DES
Hello World!,chJFPRCemvIWaUqH,978a5b6f46d345b82c25c070,24,ARC4
Hello World!,lgLfbWXUhSQyiOfK,99adffd600cf5197de0aaeddfb5370f8,32,AES
Hello World!,lgLfbWXUhSQyiOfK,1e6f18d786ed2ebc98fdefbed864b544,32,DES
Hello World!,lgLfbWXUhSQyiOfK,8836161070f6546b1a6c3375,24,ARC4
Hello World!,URlFkXFClTmViJyC,8f716ddd993effc1e9b1a6404b2eaad6,32,AES
Hello World!,URlFkXFClTmViJyC,979a3abb23fc13a4e8d556634731e78b,32,DES
Hello World!,URlFkXFClTmViJyC,ff85145c34f8063d0c40e2a1,24,ARC4
Hello World!,ZdsLzdwyVUKtAHKE,ca36291168132f3babb319a555269f66,32,AES
Hello World!,ZdsLzdwyVUKtAHKE,abb615e58645bd7f2c28629d83096694,32,DES
Hello World!,ZdsLzdwyVUKtAHKE,9de032860096872e430dc0b1,24,ARC4
Hello World!,jMFRWRKaFNdFpAJy,c0d7acae998f1f853661f1ebd77eb359,32,AES
Hello World!,jMFRWRKaFNdFpAJy,99c8f204b796e82a7dfc876dbff23488,32,DES
Hello World!,jMFRWRKaFNdFpAJy,65158b0d3873499f7c63d6ec,24,ARC4
Hello World!,oncExWaoIPorKreH,6fcb0d312b08c10bf3f6ba2e78e357ee,32,AES
Hello World!,oncExWaoIPorKreH,57f1418cae98d0c51d6c6434e3fab908,32,DES
Hello World!,oncExWaoIPorKreH,e55927048be6769d278e1058,24,ARC4
Hello World!,iquViBFpMStDiVSF,9ba5fa29607f87fafa3a52386d0cb1a3,32,AES
Hello World!,iquViBFpMStDiVSF,b275ce2cb6efd6cafcb498e424a97ed5,32,DES
Hello World!,iquViBFpMStDiVSF,968409200afb7b298f508acf,24,ARC4
Hello World!,DIHiuUqWnLrNahCJ,ffea0f3c9f5ffa0de71e443eaefb95fa,32,AES
Hello World!,DIHiuUqWnLrNahCJ,e6a561cceafb1696fbd6e7625d9043c1,32,DES
Hello World!,DIHiuUqWnLrNahCJ,baa7952e21d4fd0ec8ed46a2,24,ARC4
Hello World!,rizBdRLjQJTwHMBr,193e09eec0a2c81a2a61246043d941f2,32,AES
Hello World!,rizBdRLjQJTwHMBr,5b9229f6606c0d554d2c5004a3726f95,32,DES
Hello World!,rizBdRLjQJTwHMBr,cd7c82293a2847ca542dffab,24,ARC4
Hello World!,KHbjwqMQYfYRjsdK,ef404c5006ac0b03e49da56673aab5c6,32,AES
Hello World!,KHbjwqMQYfYRjsdK,8a708f58d2a67fcef72342b6d19c5140,32,DES
Hello World!,KHbjwqMQYfYRjsdK,dd6bc4a7eae5313850a1ce1c,24,ARC4
Hello World!,KRgwWGjtgmHGjjmB,da4983ca9a54bf9286404bb5f37bb7da,32,AES
Hello World!,KRgwWGjtgmHGjjmB,dc997e91c4300d992c2945c18d19694a,32,DES
Hello World!,KRgwWGjtgmHGjjmB,c5d3d54c17f80231fe1302ba,24,ARC4
Hello World!,ngZYiZLUbzkjqrgU,8c6fc43a74cab4db49f8875670219ab4,32,AES
Hello World!,ngZYiZLUbzkjqrgU,acc36c7043020de412096f1a66ffd94a,32,DES
Hello World!,ngZYiZLUbzkjqrgU,f902447f83142dd2d658feba,24,ARC4
Hello World!,spBaiGNNdmuOaEGp,5359caffd42fb1318c81a9fab39d0254,32,AES
Hello World!,spBaiGNNdmuOaEGp,bbe051796ef34551f6fa47e63bd26889,32,DES
Hello World!,spBaiGNNdmuOaEGp,6b575c5eb1b3823164e04e35,24,ARC4
Hello World!,DcTdfurLjalYNEZH,ec005d6ebe825d8aebeb9ebd4a10d30d,32,AES
Hello World!,DcTdfurLjalYNEZH,b0bd18bd9f55c05910704747215e5b0b,32,DES
Hello World!,DcTdfurLjalYNEZH,b131f87ca5966335aa8e64eb,24,ARC4
Hello World!,wzRijJAebGPSafdT,66fe93afaef940663c539f137875b04e,32,AES
Hello World!,wzRijJAebGPSafdT,52128fcc117de1d485d4c30a78856425,32,DES
Hello World!,wzRijJAebGPSafdT,98c8b76eda56ecce9b624758,24,ARC4
Hello World!,pQfQPZeLVRcyEKhM,7b9f7f0f8b83d6485e612edca7088d6a,32,AES
Hello World!,pQfQPZeLVRcyEKhM,a623610a558ea37e3f392d2948442831,32,DES
Hello World!,pQfQPZeLVRcyEKhM,262d9635337893832c07c522,24,ARC4
Hello World!,nzJBLOyOzYKskgdG,e5b7be37b519fb4b5f374fe2fc3a2245,32,AES
Hello World!,nzJBLOyOzYKskgdG,b7241b3714470546aabad0c8dd5da196,32,DES
Hello World!,nzJBLOyOzYKskgdG,84497342d9e4e59ae6815e55,24,ARC4
Hello World!,midFQdpXVzOumRQr,c1c44cda9cbadc81b85d282a79431dc4,32,AES
Hello World!,midFQdpXVzOumRQr,ba94e7f7b0aeca68dc6f26a24c040ad9,32,DES
Hello World!,midFQdpXVzOumRQr,6d70c8217cc3b6924a2f53ea,24,ARC4
Hello World!,LlJzmgYefuQePfhZ,dd1764cdae5373aa2a589b8322db8da2,32,AES
Hello World!,LlJzmgYefuQePfhZ,e2a0b5654dbe6cd6ed64654a26635969,32,DES
Hello World!,LlJzmgYefuQePfhZ,179963fa6dfe869efdbed16e,24,ARC4
Hello World!,yBQwqerUJBhBicGk,e3d27401dcd47e16188cb9acc1864f4b,32,AES
Hello World!,yBQwqerUJBhBicGk,8f4322c7be38e8e6c4085e167d4768da,32,DES
Hello World!,yBQwqerUJBhBicGk,a8fece8865f60e591daaecc1,24,ARC4
Hello World!,uQloBUXsxHDucpOv,fe83e35539928dbf64e97fd97396f1a6,32,AES
Hello World!,uQloBUXsxHDucpOv,316b32e195b1ccd129023687d8a5d6ee,32,DES
Hello World!,uQloBUXsxHDucpOv,20387eaa89e7e1843c68c9a7,24,ARC4
Hello World!,ZaolCdgcAFgcpflM,793d7ffe91690f7f80a02e3957f8f16a,32,AES
Hello World!,ZaolCdgcAFgcpflM,a1974278c5e534811ded18ba74e87a0a,32,DES
Hello World!,ZaolCdgcAFgcpflM,d443d5a1ef1e5eb06c8d7d86,24,ARC4
Hello World!,aOYFLGhoFiCvmvbm,ede76272f10d8dde24d2b1858937d2cc,32,AES
Hello World!,aOYFLGhoFiCvmvbm,cd550eccabef7197d63c9da6fcc6936e,32,DES
Hello World!,aOYFLGhoFiCvmvbm,0f65db514b144f0450ebd75b,24,ARC4
Hello World!,pnAWBjUrbDmkpzUx,e5744b113c430b95cd9d8481913dcffb,32,AES
Hello World!,pnAWBjUrbDmkpzUx,eadfbba07b59a23220fb3cc8b2f20d14,32,DES
Hello World!,pnAWBjUrbDmkpzUx,b5e808d9b03b11ce57a6071e,24,ARC4
Hello World!,bVRHQQEcELnxMpWK,caa4ee8c5ab8916aedf035fe5c76398d,32,AES
Hello World!,bVRHQQEcELnxMpWK,8ce6b3df2716dcdf6190b5139aaaec39,32,DES
Hello World!,bVRHQQEcELnxMpWK,6a7826454ecef0035083a3c6,24,ARC4
Hello World!,ghthTdmZjZhXeAUs,8b920110cd47323743d9bdc68fc95ca1,32,AES
Hello World!,ghthTdmZjZhXeAUs,3e617cde6c68bb4536b799d919bd06bd,32,DES
Hello World!,ghthTdmZjZhXeAUs,de0dfaef3d9db9e1f6e40b22,24,ARC4
Hello World!,dXJuybtMiAPdGsdr,64e7770ad1b1d4af460f676625898875,32,AES
Hello World!,dXJuybtMiAPdGsdr,750d8445044bccfc26fa871749d36917,32,DES
Hello World!,dXJuybtMiAPdGsdr,117613bffa46dce6536a5b0b,24,ARC4
Hello World!,HhYHHJknxrXvWAmW,15ac4d9a38ec995e0599ba255d1974df,32,AES
Hello World!,HhYHHJknxrXvWAmW,c8e698cce8438c4a8490673dceef941d,32,DES
Hello World!,HhYHHJknxrXvWAmW,86acd1c172056dfab76ee199,24,ARC4
Hello World!,VMXPhNgAGRdqbgXZ,f4f53c512adbea1cd78d43d27c3d10dc,32,AES
Hello World!,VMXPhNgAGRdqbgXZ,bb5115135775e7b6a33d776213ca0ba9,32,DES
Hello World!,VMXPhNgAGRdqbgXZ,289a0f1c197d37560ba63929,24,ARC4
Hello World!,ChyodCxfOMKtNSGS,072249e055c11619c94343f3f28ffbf7,32,AES
Hello World!,ChyodCxfOMKtNSGS,eb0563b08f51375ddcefe41204b8826d,32,DES
Hello World!,ChyodCxfOMKtNSGS,d008eb8ba773506230bce6d8,24,ARC4
Hello World!,fXgcgBXluEMLLcFd,ee8b40443027e839dce6393152a6d854,32,AES
Hello World!,fXgcgBXluEMLLcFd,07f98d4886cb85c7e370666a7bc98f7a,32,DES
Hello World!,fXgcgBXluEMLLcFd,e46f9c0a12ab6fa0ec6cbb05,24,ARC4
Hello World!,DmLVZHXLWlltCzOX,ec9550021e9d5cd2994feaa7fa037a6d,32,AES
Hello World!,DmLVZHXLWlltCzOX,e30a2a3038eafe2876bfb66f190e6e21,32,DES
Hello World!,DmLVZHXLWlltCzOX,605c7bbfe1cc5bfc6f125850,24,ARC4
Hello World!,drMSGVQoSatOdIUc,d86fb400dc35235a43e202d8e5a3deef,32,AES
Hello World!,drMSGVQoSatOdIUc,8cca9e69b6470ab861f3e1c77de08c22,32,DES
Hello World!,drMSGVQoSatOdIUc,b57fd219e7452fb4786cdf4e,24,ARC4
Hello World!,bFDVIOXogONnSWJy,8e98153963d93b264e23c8f060e2180d,32,AES
Hello World!,bFDVIOXogONnSWJy,f16854c341955313d8f086dab17b7459,32,DES
Hello World!,bFDVIOXogONnSWJy,e786e71e0a8522f529097802,24,ARC4
Hello World!,kNDvEjBUUhOVlzdM,4467e03adbf1041942bdbee6a87c576b,32,AES
Hello World!,kNDvEjBUUhOVlzdM,5d219375f621dc33f1cc61fc9982c727,32,DES
Hello World!,kNDvEjBUUhOVlzdM,ef495655c7d68e85615906f1,24,ARC4
Hello World!,NOFtefugPEZrbPXV,31d67a6040e4bc0a22cf597b25934793,32,AES
Hello World!,NOFtefugPEZrbPXV,f399e5cc7bdfdd752626092483e2fd34,32,DES
Hello World!,NOFtefugPEZrbPXV,4459eb3d167647ef9d2164c9,24,ARC4
Hello World!,ErHdiRXsPCVPYHDv,d97072ccf53186a725905b0524937d25,32,AES
Hello World!,ErHdiRXsPCVPYHDv,839cf52ce3826d6ac12aefc23c3bf3b6,32,DES
Hello World!,ErHdiRXsPCVPYHDv,6044b3c98a195e43fd84b4d3,24,ARC4
Hello World!,LasNeuhZobxgoaRq,865efc625ed7612b55f5f679b3db1944,32,AES
Hello World!,LasNeuhZobxgoaRq,49597bba94ddd04eb8a5bdcbdeef0f37,32,DES
Hello World!,LasNeuhZobxgoaRq,da5ea3e5f30cf1cb25bcdd7c,24,ARC4
Hello World!,UYFRloVjbSYJGUmM,d68ec91df6fd8a802d62496ef7e45785,32,AES
Hello World!,UYFRloVjbSYJGUmM,5d3d6d41b50413696228e24d01489282,32,DES
Hello World!,UYFRloVjbSYJGUmM,52fca00da0657db92338e5e0,24,ARC4
Hello World!,mQdGdwqceLLYzNJm,73f7b63d4b67bc39dd3a6aaa274d83e4,32,AES
Hello World!,mQdGdwqceLLYzNJm,98b9c65ff05bfc594226c1ebfd81b66b,32,DES
Hello World!,mQdGdwqceLLYzNJm,fe7e263d134c01c55c2bddca,24,ARC4
Hello World!,ywdCRxwAgcBqdPfV,c47f5bc85d6871f327576385da39a8fa,32,AES
Hello World!,ywdCRxwAgcBqdPfV,75d30b9ed92d48fa8ab2f79c1e4f5a4b,32,DES
Hello World!,ywdCRxwAgcBqdPfV,5c04dcc995a8033b1121e54f,24,ARC4
Hello World!,nMEbGyEGIybvgeDJ,fa12a407c40f8cc6206f446304e64cd3,32,AES
Hello World!,nMEbGyEGIybvgeDJ,2a4744b0391b83a39505db94c95f0b78,32,DES
Hello World!,nMEbGyEGIybvgeDJ,6aa878971740ddecc29c5728,24,ARC4
Hello World!,xBPuJbPZohwMdajh,53cebc5c63fdf02329d5c01895491e56,32,AES
Hello World!,xBPuJbPZohwMdajh,aab1b9b1bf9f9526d94d1013119f5578,32,DES
Hello World!,xBPuJbPZohwMdajh,add97bc73f24c7b1c0a2ea6b,24,ARC4
